MemoryLimit,Nice,Depth,Dict,Dist,Multithreading,BlockSize,FlushTimeout,PositionBits,check,mfs,Literal Context Bits,time
0,0,0,0,0,0,0,0,0,1,1,9,6.1
0,0,0,0,0,0,0,0,0,2,3,10,5.09
0,0,0,0,0,0,0,0,0,4,3,15,5.54
0,0,0,0,0,0,0,0,0,3,1,15,6.09
0,0,0,0,0,0,0,0,0,3,4,1,5.93
0,0,0,0,0,0,0,0,0,1,5,3,5.52
0,0,0,0,0,0,0,0,0,4,1,1,6.15
0,0,0,0,0,0,0,0,0,2,2,4,5.52
0,0,0,0,0,0,0,0,0,1,3,3,5.09
0,0,0,0,0,0,0,0,1,3,4,1,6.0
0,0,0,0,0,0,0,0,0,4,3,2,5.52
0,0,0,0,0,0,0,0,0,2,1,3,6.08
0,0,0,0,0,0,0,0,0,1,4,4,5.73
0,0,0,0,0,0,0,0,0,2,3,5,5.11
0,0,0,0,0,0,0,0,0,4,2,6,5.57
0,0,0,0,0,0,0,0,0,4,3,7,5.51
0,0,0,0,0,0,0,0,0,3,4,8,5.98
0,0,0,0,0,0,0,0,0,1,4,9,5.77
0,0,0,0,0,0,0,0,0,3,5,10,5.8
0,0,0,0,0,0,0,0,0,1,3,11,5.45
0,0,0,0,0,0,0,0,0,2,3,12,5.46
0,0,0,0,0,0,0,0,0,2,3,13,5.09
0,0,0,0,0,0,0,0,0,2,3,14,5.11
0,0,0,0,0,0,0,0,0,3,3,15,5.45
1,0,0,0,0,0,0,0,0,4,3,3,5.51
0,1,0,0,0,0,0,0,0,1,3,5,5.44
0,0,1,0,0,0,0,0,0,4,3,2,5.18
0,0,0,1,0,0,0,0,0,3,5,10,7.84
0,0,0,0,1,0,0,0,0,1,3,2,4.11
0,0,0,0,0,1,0,0,0,4,3,3,2.7
0,0,0,0,0,0,1,0,0,3,2,2,5.16
0,0,0,0,0,0,0,1,0,4,5,1,5.88
0,0,0,0,0,0,0,0,1,4,3,6,5.54
1,1,1,1,1,1,1,0,0,4,4,15,26.6
1,1,1,1,1,1,1,0,0,3,5,8,12.85
1,1,1,1,1,1,1,0,0,1,4,4,24.19
1,1,1,1,1,1,1,0,0,1,1,14,23.27
1,1,1,1,1,1,1,0,0,2,1,10,23.77
1,1,1,1,1,0,1,1,0,3,1,2,23.07
1,1,1,1,1,0,1,1,0,3,3,6,8.66
1,1,1,1,1,0,1,1,0,1,5,2,13.02
1,1,1,1,1,1,1,0,0,3,5,13,12.81
1,1,1,1,1,0,1,1,0,4,2,7,13.84
1,1,1,1,1,0,1,1,0,1,3,7,9.0
1,1,1,1,1,1,1,0,0,3,1,8,23.65
1,1,1,1,1,0,1,1,0,4,3,2,8.21
1,1,1,1,1,1,1,0,0,1,3,8,8.75
1,1,1,1,1,0,1,1,0,2,3,9,8.74
1,1,1,1,1,1,1,0,0,1,3,4,8.03
1,1,1,1,1,0,1,1,0,3,3,14,9.0
1,1,1,1,1,1,1,0,0,3,5,1,12.97
1,1,1,1,1,1,1,0,0,3,4,5,26.82
1,1,1,1,1,0,1,1,0,3,3,8,7.93
1,1,1,1,1,0,1,1,0,4,3,6,9.29
1,1,1,1,1,0,1,1,0,3,1,1,23.29
1,1,1,1,1,0,1,1,1,3,3,6,7.89
1,1,1,1,1,0,1,1,1,1,3,7,8.71
0,1,1,1,1,0,1,1,0,3,5,1,12.67
1,0,1,1,1,1,1,0,0,3,5,7,12.89
1,1,0,1,1,1,1,0,0,4,5,2,11.32
1,1,1,0,1,0,1,1,0,4,3,5,3.91
1,1,1,1,0,0,1,1,0,3,3,7,15.16
1,1,1,1,1,0,1,1,0,3,3,15,8.97
1,1,1,1,1,1,0,0,0,3,3,2,2.66
1,1,1,1,1,1,1,0,0,4,3,15,8.62
1,1,1,1,1,1,1,0,0,3,5,4,12.62
0,0,0,0,0,0,0,0,0,1,4,11,6.0
0,0,0,0,0,0,0,0,0,1,5,7,5.81
0,0,0,0,0,0,0,0,0,1,1,6,6.06
0,0,0,0,0,0,0,0,0,1,2,10,5.13
0,0,0,0,0,0,0,0,0,1,3,14,5.45
0,0,0,0,0,0,0,0,0,1,3,1,5.08
0,0,0,0,0,0,0,0,0,1,4,2,5.96
0,0,0,0,0,0,0,0,0,1,3,3,5.44
0,0,0,0,0,0,0,0,0,1,3,4,5.45
0,0,0,0,0,0,0,0,0,1,2,5,5.51
0,0,0,0,0,0,0,0,0,1,2,6,5.48
0,0,0,0,0,0,0,0,1,1,5,7,5.82
0,0,0,0,0,0,0,0,0,1,4,8,6.02
0,0,0,0,0,0,0,0,0,1,4,9,6.04
0,0,0,0,0,0,0,0,0,1,3,10,5.45
0,0,0,0,0,0,0,0,0,1,5,11,5.55
0,0,0,0,0,0,0,0,0,1,3,12,5.45
0,0,0,0,0,0,0,0,0,1,2,13,5.49
0,0,0,0,0,0,0,0,0,1,5,14,5.58
0,0,0,0,0,0,0,0,0,1,1,15,5.68
1,0,0,0,0,0,0,0,0,1,3,15,5.45
0,1,0,0,0,0,0,0,0,1,3,1,5.45
0,0,1,0,0,0,0,0,0,1,5,6,6.4
0,0,0,1,0,0,0,0,0,1,4,3,8.27
0,0,0,0,1,0,0,0,0,1,4,5,3.91
0,0,0,0,0,1,0,0,0,1,3,12,2.84
0,0,0,0,0,0,1,0,0,1,3,14,5.49
0,0,0,0,0,0,0,1,0,1,2,6,5.49
0,0,0,0,0,0,0,0,1,1,5,1,5.56
0,0,0,0,0,0,0,0,0,2,4,8,6.01
0,0,0,0,0,0,0,0,0,2,5,8,5.84
0,0,0,0,0,0,0,0,0,2,1,12,6.11
0,0,0,0,0,0,0,0,0,2,2,12,5.52
0,0,0,0,0,0,0,0,0,2,3,8,5.47
0,0,0,0,0,0,0,0,0,2,1,1,5.66
0,0,0,0,0,0,0,0,0,2,1,2,5.66
0,0,0,0,0,0,0,0,0,2,1,3,6.08
0,0,0,0,0,0,0,0,0,2,3,4,5.45
0,0,0,0,0,0,0,0,0,2,5,5,5.86
0,0,0,0,0,0,0,0,0,2,4,6,6.0
0,0,0,0,0,0,0,0,0,2,4,7,5.98
0,0,0,0,0,0,0,0,1,2,5,8,5.87
0,0,0,0,0,0,0,0,0,2,4,9,6.04
0,0,0,0,0,0,0,0,0,2,3,10,5.44
0,0,0,0,0,0,0,0,0,2,4,11,6.01
0,0,0,0,0,0,0,0,0,2,5,12,5.84
0,0,0,0,0,0,0,0,0,2,1,13,5.68
0,0,0,0,0,0,0,0,0,2,4,14,6.03
0,0,0,0,0,0,0,0,0,2,5,15,5.84
1,0,0,0,0,0,0,0,0,2,4,9,6.06
0,1,0,0,0,0,0,0,0,2,2,10,5.15
0,0,1,0,0,0,0,0,0,2,3,14,5.1
0,0,0,1,0,0,0,0,0,2,1,1,7.92
0,0,0,0,1,0,0,0,0,2,1,1,4.71
0,0,0,0,0,1,0,0,0,2,4,1,3.1
0,0,0,0,0,0,1,0,0,2,4,1,6.02
0,0,0,0,0,0,0,1,0,2,3,2,5.44
0,0,0,0,0,0,0,0,1,2,2,2,5.52
0,0,0,0,0,0,0,0,0,4,4,15,6.11
0,0,0,0,0,0,0,0,0,4,5,13,5.9
0,0,0,0,0,0,0,0,0,4,1,2,6.14
0,0,0,0,0,0,0,0,0,4,2,15,5.59
0,0,0,0,0,0,0,0,0,4,3,10,5.52
0,0,0,0,0,0,0,0,0,4,1,1,6.15
0,0,0,0,0,0,0,0,0,4,4,2,5.79
0,0,0,0,0,0,0,0,0,4,3,3,5.16
0,0,0,0,0,0,0,0,0,4,4,4,5.79
0,0,0,0,0,0,0,0,0,4,1,5,6.18
0,0,0,0,0,0,0,0,0,4,1,6,6.14
0,0,0,0,0,0,0,0,0,4,4,7,6.06
0,0,0,0,0,0,0,0,0,4,3,8,5.54
0,0,0,0,0,0,0,0,0,4,3,9,5.54
0,0,0,0,0,0,0,0,0,4,2,10,5.59
0,0,0,0,0,0,0,0,0,4,1,11,6.16
0,0,0,0,0,0,0,0,0,4,1,12,6.19
0,0,0,0,0,0,0,0,0,4,4,13,6.12
0,0,0,0,0,0,0,0,0,4,1,14,6.2
0,0,0,0,0,0,0,0,0,4,3,15,5.53
1,0,0,0,0,0,0,0,0,4,5,13,5.88
0,1,0,0,0,0,0,0,0,4,3,1,5.53
0,0,1,0,0,0,0,0,0,4,3,1,5.16
0,0,0,1,0,0,0,0,0,4,2,4,7.55
0,0,0,0,1,0,0,0,0,4,3,4,4.18
0,0,0,0,0,1,0,0,0,4,5,8,3.07
0,0,0,0,0,0,1,0,0,4,3,13,5.56
0,0,0,0,0,0,0,1,0,4,4,11,5.79
0,0,0,0,0,0,0,0,1,4,4,14,5.84
0,0,0,0,0,0,0,0,0,3,4,7,5.97
0,0,0,0,0,0,0,0,0,3,5,6,5.77
0,0,0,0,0,0,0,0,0,3,1,3,6.06
0,0,0,0,0,0,0,0,0,3,2,6,5.48
0,0,0,0,0,0,0,0,0,3,3,8,5.42
0,0,0,0,0,0,0,0,0,3,4,1,5.97
0,0,0,0,0,0,0,0,0,3,5,2,5.78
0,0,0,0,0,0,0,0,0,3,4,3,6.0
0,0,0,0,0,0,0,0,0,3,3,4,5.42
0,0,0,0,0,0,0,0,0,3,4,5,6.04
0,0,0,0,0,0,0,0,0,3,4,6,5.96
0,0,0,0,0,0,0,0,1,3,4,7,5.7
0,0,0,0,0,0,0,0,1,3,3,8,5.44
0,0,0,0,0,0,0,0,0,3,3,9,5.45
0,0,0,0,0,0,0,0,0,3,5,10,5.77
0,0,0,0,0,0,0,0,0,3,1,11,5.66
0,0,0,0,0,0,0,0,0,3,2,12,5.13
0,0,0,0,0,0,0,0,0,3,5,13,5.81
0,0,0,0,0,0,0,0,0,3,1,14,6.09
0,0,0,0,0,0,0,0,0,3,3,15,5.43
1,0,0,0,0,0,0,0,0,3,4,12,6.01
0,1,0,0,0,0,0,0,0,3,4,13,6.0
0,0,1,0,0,0,0,0,0,3,4,14,6.99
0,0,0,1,0,0,0,0,0,3,2,4,7.42
0,0,0,0,1,0,0,0,0,3,2,3,3.96
0,0,0,0,0,1,0,0,0,3,3,1,2.83
0,0,0,0,0,0,1,0,0,3,3,15,5.47
0,0,0,0,0,0,0,1,0,3,3,1,5.41
0,0,0,0,0,0,0,0,1,3,3,15,5.47
0,0,0,0,0,0,0,0,1,3,4,1,5.98
0,0,0,0,0,0,0,0,1,4,4,2,6.08
0,0,0,0,0,0,0,0,1,3,4,3,6.0
0,0,0,0,0,0,0,0,0,3,4,4,5.71
0,0,0,0,0,0,0,0,0,2,4,5,6.03
0,0,0,0,0,0,0,0,0,4,4,6,5.76
0,0,0,0,0,0,0,0,1,4,4,7,5.82
0,0,0,0,0,0,0,0,1,1,4,8,6.04
0,0,0,0,0,0,0,0,0,4,4,9,6.15
0,0,0,0,0,0,0,0,0,3,4,10,5.98
0,0,0,0,0,0,0,0,1,1,4,11,6.01
0,0,0,0,0,0,0,0,0,3,4,12,6.04
0,0,0,0,0,0,0,0,0,1,4,13,6.0
0,0,0,0,0,0,0,0,1,2,4,14,6.09
0,0,0,0,0,0,0,0,1,4,4,15,6.15
1,0,0,0,0,0,0,0,0,3,4,3,5.97
0,1,0,0,0,0,0,0,0,1,4,4,6.01
0,0,1,0,0,0,0,0,0,3,4,7,6.94
0,0,0,1,0,0,0,0,0,2,4,13,8.54
0,0,0,0,1,0,0,0,0,4,4,15,3.98
0,0,0,0,0,1,0,0,0,1,4,15,3.12
0,0,0,0,0,0,1,0,0,2,4,7,5.77
0,0,0,0,0,0,0,1,0,1,4,14,6.03
0,0,0,0,0,0,0,0,1,2,4,2,5.99
0,0,0,0,0,0,0,0,0,2,5,1,5.52
0,0,0,0,0,0,0,0,0,4,5,2,5.62
0,0,0,0,0,0,0,0,0,3,5,3,5.81
0,0,0,0,0,0,0,0,0,3,5,4,5.82
0,0,0,0,0,0,0,0,0,4,5,5,5.92
0,0,0,0,0,0,0,0,1,3,5,6,5.79
0,0,0,0,0,0,0,0,1,2,5,7,5.85
0,0,0,0,0,0,0,0,0,1,5,8,5.84
0,0,0,0,0,0,0,0,0,3,5,9,5.83
0,0,0,0,0,0,0,0,1,3,5,10,5.81
0,0,0,0,0,0,0,0,0,4,5,11,5.9
0,0,0,0,0,0,0,0,1,2,5,12,5.87
0,0,0,0,0,0,0,0,0,1,5,13,5.81
0,0,0,0,0,0,0,0,0,3,5,14,5.82
0,0,0,0,0,0,0,0,0,4,5,15,5.92
1,0,0,0,0,0,0,0,0,2,5,7,5.56
0,1,0,0,0,0,0,0,0,2,5,13,5.84
0,0,1,0,0,0,0,0,0,3,5,7,6.15
0,0,0,1,0,0,0,0,0,1,5,14,7.83
0,0,0,0,1,0,0,0,0,2,5,9,3.74
0,0,0,0,0,1,0,0,0,4,5,3,3.06
0,0,0,0,0,0,1,0,0,2,5,12,5.91
0,0,0,0,0,0,0,1,0,3,5,1,5.79
0,0,0,0,0,0,0,0,1,1,5,15,5.85
0,0,0,0,0,0,0,0,0,3,1,1,6.05
0,0,0,0,0,0,0,0,0,1,1,2,6.07
0,0,0,0,0,0,0,0,1,3,1,3,6.08
0,0,0,0,0,0,0,0,0,2,1,4,6.1
0,0,0,0,0,0,0,0,1,4,1,5,6.21
0,0,0,0,0,0,0,0,0,3,1,6,6.06
0,0,0,0,0,0,0,0,0,1,1,7,6.08
0,0,0,0,0,0,0,0,0,4,1,8,6.17
0,0,0,0,0,0,0,0,0,1,1,9,5.7
0,0,0,0,0,0,0,0,0,2,1,10,6.09
0,0,0,0,0,0,0,0,1,3,1,11,6.08
0,0,0,0,0,0,0,0,0,3,1,12,6.08
0,0,0,0,0,0,0,0,0,1,1,13,5.69
0,0,0,0,0,0,0,0,0,2,1,14,6.1
0,0,0,0,0,0,0,0,0,4,1,15,5.76
1,0,0,0,0,0,0,0,0,1,1,15,6.1
0,1,0,0,0,0,0,0,0,4,1,11,6.16
0,0,1,0,0,0,0,0,0,2,1,2,6.09
0,0,0,1,0,0,0,0,0,1,1,10,7.98
0,0,0,0,1,0,0,0,0,1,1,15,4.73
0,0,0,0,0,1,0,0,0,4,1,2,3.19
0,0,0,0,0,0,1,0,0,1,1,13,6.14
0,0,0,0,0,0,0,1,0,1,1,9,6.12
0,0,0,0,0,0,0,0,1,2,1,15,6.13
0,0,0,0,0,0,0,0,0,1,2,1,5.5
0,0,0,0,0,0,0,0,0,4,2,2,5.59
0,0,0,0,0,0,0,0,0,2,2,3,5.12
0,0,0,0,0,0,0,0,0,2,2,4,5.5
0,0,0,0,0,0,0,0,0,2,2,5,5.51
0,0,0,0,0,0,0,0,0,4,2,6,5.57
0,0,0,0,0,0,0,0,0,2,2,7,5.49
0,0,0,0,0,0,0,0,0,1,2,8,5.13
0,0,0,0,0,0,0,0,0,1,2,9,5.52
0,0,0,0,0,0,0,0,1,4,2,10,5.6
0,0,0,0,0,0,0,0,0,3,2,11,5.51
0,0,0,0,0,0,0,0,1,2,2,12,5.17
0,0,0,0,0,0,0,0,0,3,2,13,5.49
0,0,0,0,0,0,0,0,0,4,2,14,5.61
0,0,0,0,0,0,0,0,0,1,2,15,5.5
1,0,0,0,0,0,0,0,0,2,2,4,5.5
0,1,0,0,0,0,0,0,0,2,2,2,5.5
0,0,1,0,0,0,0,0,0,3,2,15,5.5
0,0,0,1,0,0,0,0,0,3,2,14,7.01
0,0,0,0,1,0,0,0,0,3,2,15,3.96
0,0,0,0,0,1,0,0,0,2,2,14,2.86
0,0,0,0,0,0,1,0,0,1,2,3,5.54
0,0,0,0,0,0,0,1,0,2,2,1,5.49
0,0,0,0,0,0,0,0,1,4,2,2,5.6
0,0,0,0,0,0,0,0,0,2,3,1,5.44
0,0,0,0,0,0,0,0,0,1,3,2,5.08
0,0,0,0,0,0,0,0,1,1,3,3,5.45
0,0,0,0,0,0,0,0,1,1,3,4,5.47
0,0,0,0,0,0,0,0,0,1,3,5,5.44
0,0,0,0,0,0,0,0,0,1,3,6,5.07
0,0,0,0,0,0,0,0,0,4,3,7,5.52
0,0,0,0,0,0,0,0,1,4,3,8,5.55
0,0,0,0,0,0,0,0,0,1,3,9,5.46
0,0,0,0,0,0,0,0,1,2,3,10,5.45
0,0,0,0,0,0,0,0,0,3,3,11,5.44
0,0,0,0,0,0,0,0,0,2,3,12,5.48
0,0,0,0,0,0,0,0,0,1,3,13,5.44
0,0,0,0,0,0,0,0,1,1,3,14,5.45
0,0,0,0,0,0,0,0,1,4,3,15,5.55
1,0,0,0,0,0,0,0,0,2,3,11,5.45
0,1,0,0,0,0,0,0,0,4,3,6,5.51
0,0,1,0,0,0,0,0,0,1,3,15,5.46
0,0,0,1,0,0,0,0,0,2,3,14,6.87
0,0,0,0,1,0,0,0,0,2,3,8,4.12
0,0,0,0,0,1,0,0,0,3,3,8,2.83
0,0,0,0,0,0,1,0,1,1,3,14,5.13
0,0,0,0,0,0,0,1,0,1,3,1,5.43
0,0,0,0,0,0,0,0,1,3,3,4,5.45
1,0,0,0,0,0,0,0,0,1,4,1,5.66
0,1,0,0,0,0,0,0,0,3,3,1,5.43
0,0,1,0,0,0,0,0,1,4,3,1,5.53
0,0,0,1,0,0,0,0,0,2,3,1,7.24
0,0,0,0,1,0,0,0,0,4,3,1,4.18
0,0,0,0,0,1,0,0,0,1,3,1,2.83
0,0,0,0,0,0,1,0,0,3,4,1,6.01
0,0,0,0,0,0,0,1,0,4,4,1,6.06
0,0,0,0,0,0,0,0,1,1,3,1,5.44
1,0,0,0,0,0,0,0,0,2,5,2,5.81
0,1,0,0,0,0,0,0,0,3,4,2,5.96
0,0,1,0,0,0,0,0,0,1,3,2,5.44
0,0,0,1,0,0,0,0,0,2,4,2,8.33
0,0,0,0,1,0,0,0,0,4,3,2,4.19
0,0,0,0,0,1,0,0,0,1,4,2,3.09
0,0,0,0,0,0,1,0,0,3,5,2,5.86
0,0,0,0,0,0,0,1,0,3,2,2,5.12
0,0,0,0,0,0,0,0,1,4,1,2,6.16
1,0,0,0,0,0,0,0,0,1,1,3,6.07
0,1,0,0,0,0,0,0,0,3,3,3,5.07
0,0,1,0,0,0,0,0,0,3,3,3,5.07
0,0,0,1,0,0,0,0,0,4,2,3,7.57
0,0,0,0,1,0,0,0,0,4,4,3,3.97
0,0,0,0,0,1,0,0,0,3,1,3,3.16
0,0,0,0,0,0,1,0,0,3,3,3,5.46
0,0,0,0,0,0,0,1,0,4,3,3,5.54
0,0,0,0,0,0,0,0,1,2,3,3,5.47
1,0,0,0,0,0,0,0,0,2,4,4,6.03
0,1,0,0,0,0,0,0,0,4,4,4,6.08
0,0,1,0,0,0,0,0,0,1,3,4,5.45
0,0,0,1,0,0,0,0,0,3,4,4,8.25
0,0,0,0,1,0,0,0,0,1,3,4,4.1
0,0,0,0,0,1,0,0,0,1,3,4,2.84
0,0,0,0,0,0,1,0,0,3,5,4,5.87
0,0,0,0,0,0,0,1,0,1,3,4,5.46
0,0,0,0,0,0,0,0,1,3,5,4,5.57
1,0,0,0,0,0,0,0,0,4,3,5,5.17
0,1,0,0,0,0,0,0,0,1,4,5,5.76
0,0,1,0,0,0,0,0,0,4,1,5,6.19
0,0,0,1,0,0,0,0,0,4,3,5,7.31
0,0,0,0,1,0,0,0,0,4,5,5,4.15
0,0,0,0,0,1,0,0,0,2,4,5,3.14
0,0,0,0,0,0,1,0,0,4,3,5,5.57
0,0,0,0,0,0,0,1,0,1,3,5,5.45
0,0,0,0,0,0,0,0,1,2,3,5,5.47
1,0,0,0,0,0,0,0,0,1,3,6,5.44
0,1,0,0,0,0,0,0,0,2,3,6,5.46
0,0,1,0,0,0,0,0,0,2,3,6,5.46
0,0,0,1,0,0,0,0,0,2,2,6,7.41
0,0,0,0,1,0,0,0,0,4,3,6,4.19
0,0,0,0,0,1,0,0,0,2,3,6,2.84
0,0,0,0,0,0,1,0,0,2,3,6,5.48
0,0,0,0,0,0,0,1,0,4,3,6,5.51
0,0,0,0,0,0,0,0,1,4,1,6,5.75
1,0,0,0,0,0,0,0,0,2,4,7,5.98
0,1,0,0,0,0,0,0,0,1,4,7,5.96
0,0,1,0,0,0,0,0,0,2,1,7,5.67
0,0,0,1,0,0,0,0,0,4,3,7,6.91
0,0,0,0,1,0,0,0,0,3,5,7,4.02
0,0,0,0,0,1,0,0,0,3,4,7,3.1
0,0,0,0,0,0,1,0,0,1,4,7,6.05
0,0,0,0,0,0,0,1,0,4,3,7,5.52
0,0,0,0,0,0,0,0,1,4,3,7,5.53
1,0,0,0,0,0,0,0,0,2,3,8,5.45
0,1,0,0,0,0,0,0,0,1,3,8,5.44
0,0,1,0,0,0,0,0,0,4,3,8,5.53
0,0,0,1,0,0,0,0,0,4,2,8,7.58
0,0,0,0,1,0,0,0,0,4,2,8,4.06
0,0,0,0,0,1,0,0,0,2,3,8,2.84
0,0,0,0,0,0,1,0,0,4,1,8,6.22
0,0,0,0,0,0,0,1,0,4,3,8,5.54
0,0,0,0,0,0,0,0,1,2,2,8,5.53
1,0,0,0,0,0,0,0,0,1,1,9,6.11
0,1,0,0,0,0,0,0,0,3,3,9,5.09
0,0,1,0,0,0,0,0,0,2,3,9,5.46
0,0,0,1,0,0,0,0,0,2,3,9,6.87
0,0,0,0,1,0,0,0,0,3,4,9,3.89
0,0,0,0,0,1,0,0,0,4,2,9,2.92
0,0,0,0,0,0,1,0,0,4,3,9,5.58
0,0,0,0,0,0,0,1,0,3,3,9,5.44
0,0,0,0,0,0,0,0,1,3,3,9,5.46
1,0,0,0,0,0,0,0,0,3,1,10,6.06
0,1,0,0,0,0,0,0,0,1,3,10,5.08
0,0,1,0,0,0,0,0,0,4,4,10,7.04
0,0,0,1,0,0,0,0,0,3,3,10,7.23
0,0,0,0,1,0,0,0,0,4,4,10,3.98
0,0,0,0,0,1,0,0,0,3,3,10,2.83
0,0,0,0,0,0,1,0,0,4,3,10,5.57
0,0,0,0,0,0,0,1,0,1,3,10,5.46
0,0,0,0,0,0,0,0,1,2,5,10,5.84
1,0,0,0,0,0,0,0,0,4,4,11,6.1
0,1,0,0,0,0,0,0,0,1,2,11,5.12
0,0,1,0,0,0,0,0,0,1,3,11,5.45
0,0,0,1,0,0,0,0,0,3,3,11,7.21
0,0,0,0,1,0,0,0,0,1,3,11,4.1
0,0,0,0,0,1,0,0,0,4,3,11,2.88
0,0,0,0,0,0,1,0,0,2,5,11,5.9
0,0,0,0,0,0,0,1,0,4,3,11,5.54
0,0,0,0,0,0,0,0,1,4,1,11,6.18
1,0,0,0,0,0,0,0,0,3,3,12,5.08
0,1,0,0,0,0,0,0,0,4,3,12,5.55
0,0,1,0,0,0,0,0,0,4,1,12,6.22
0,0,0,1,0,0,0,0,0,1,3,12,6.86
0,0,0,0,1,0,0,0,0,4,3,12,4.21
0,0,0,0,0,1,0,0,0,1,4,12,3.14
0,0,0,0,0,0,1,0,0,2,3,12,5.5
0,0,0,0,0,0,0,1,0,2,4,12,6.02
0,0,0,0,0,0,0,0,1,4,1,12,6.21
1,0,0,0,0,0,0,0,0,1,2,13,5.12
0,1,0,0,0,0,0,0,0,3,3,13,5.43
0,0,1,0,0,0,0,0,0,2,5,13,6.44
0,0,0,1,0,0,0,0,0,4,5,13,7.99
0,0,0,0,1,0,0,0,0,1,3,13,4.09
0,0,0,0,0,1,0,0,0,2,4,13,3.12
0,0,0,0,0,0,1,0,1,4,3,13,5.58
0,0,0,0,0,0,0,1,0,3,4,13,5.69
0,0,0,0,0,0,0,0,1,1,3,13,5.44
1,0,0,0,0,0,0,0,0,4,2,14,5.59
0,1,0,0,0,0,0,0,0,1,1,14,6.1
0,0,1,0,0,0,0,0,0,1,3,14,5.46
0,0,0,1,0,0,0,0,0,1,4,14,8.32
0,0,0,0,1,0,0,0,0,1,3,14,4.12
0,0,0,0,0,1,0,0,0,4,5,14,3.07
0,0,0,0,0,0,1,0,0,1,1,14,5.75
0,0,0,0,0,0,0,1,0,4,3,14,5.53
0,0,0,0,0,0,0,0,1,3,5,14,5.84
1,0,0,0,0,0,0,0,0,4,4,15,6.1
0,1,0,0,0,0,0,0,0,4,3,15,5.17
0,0,1,0,0,0,0,0,1,1,3,15,5.46
0,0,0,1,0,0,0,0,0,3,2,15,7.44
0,0,0,0,1,0,0,0,0,1,3,15,4.11
0,0,0,0,0,1,0,0,0,1,2,15,2.87
0,0,0,0,0,0,1,0,1,3,3,15,5.49
0,0,0,0,0,0,0,1,0,4,3,15,5.54
0,0,0,0,0,0,0,0,1,4,1,15,6.2
1,1,0,0,0,0,0,0,0,4,3,1,5.16
1,0,1,0,0,0,0,0,0,4,4,5,7.09
1,0,0,1,0,0,0,0,0,1,3,5,7.25
1,0,0,0,1,0,0,0,0,2,3,1,4.1
1,0,0,0,0,1,0,0,0,4,3,15,2.88
1,0,0,0,0,0,1,0,0,3,1,13,6.11
1,0,0,0,0,0,0,1,0,2,5,6,5.79
1,0,0,0,0,0,0,0,1,2,3,1,5.45
0,1,1,0,0,0,0,0,0,1,1,3,6.09
0,1,0,1,0,0,0,0,0,4,4,12,8.03
0,1,0,0,1,0,0,0,0,4,3,2,4.18
0,1,0,0,0,1,0,0,0,1,3,2,2.65
0,1,0,0,0,0,1,0,0,4,2,1,5.61
0,1,0,0,0,0,0,1,0,4,3,4,5.53
0,1,0,0,0,0,0,0,1,1,3,5,5.49
0,0,1,1,0,0,0,0,0,3,2,1,7.46
0,0,1,0,1,0,0,0,0,3,3,9,4.11
0,0,1,0,0,1,0,0,0,4,3,1,2.69
0,0,1,0,0,0,1,0,0,4,3,13,5.56
0,0,1,0,0,0,0,1,0,2,3,6,5.44
0,0,1,0,0,0,0,0,1,3,3,15,5.47
0,0,0,1,1,0,0,0,0,3,1,4,6.75
0,0,0,1,0,1,0,0,0,2,3,11,3.76
0,0,0,1,0,0,1,0,0,2,3,5,14.4
0,0,0,1,0,0,0,1,0,3,5,11,7.77
0,0,0,1,0,0,0,0,1,4,3,3,7.35
0,0,0,0,1,1,0,0,0,3,3,10,2.15
0,0,0,0,1,0,1,0,0,3,2,6,3.98
0,0,0,0,1,0,0,1,0,4,3,10,3.87
0,0,0,0,1,0,0,0,1,3,3,8,4.09
0,0,0,0,0,1,1,0,0,4,3,1,5.56
0,0,0,0,0,1,0,0,1,4,3,8,2.88
0,0,0,0,0,0,1,1,0,2,3,7,5.49
0,0,0,0,0,0,1,0,1,4,3,3,5.57
0,0,0,0,0,0,0,1,1,1,4,8,6.05
1,1,1,1,1,1,1,0,0,4,2,4,13.37
1,1,1,1,1,1,1,0,0,3,1,9,22.99
1,1,1,1,1,1,1,0,0,2,1,10,22.51
1,1,1,1,1,1,1,0,0,3,5,9,12.97
1,1,1,1,1,1,1,0,0,4,4,9,26.53
1,1,1,1,1,1,1,0,0,4,2,1,13.02
1,1,1,1,1,0,1,1,0,3,3,11,8.72
1,1,1,1,1,1,1,0,0,2,5,2,13.12
1,1,1,1,1,0,1,1,0,2,4,14,26.27
1,1,1,1,1,0,1,1,0,2,4,5,25.88
1,1,1,1,1,0,1,1,0,2,4,10,26.46
1,1,1,1,1,1,1,0,0,2,3,3,7.92
1,1,1,1,1,1,1,0,1,2,3,10,8.94
1,1,1,1,1,0,1,1,0,4,4,1,26.55
1,1,1,1,1,1,1,0,0,4,4,5,26.81
1,1,1,1,1,1,1,0,0,4,2,12,13.42
1,1,1,1,1,0,1,1,0,3,1,14,23.77
1,1,1,1,1,0,1,1,0,2,2,12,13.43
1,1,1,1,1,1,1,0,0,4,2,7,13.36
1,1,1,1,1,1,1,0,0,4,3,14,8.23
1,1,1,1,1,1,1,0,1,4,4,9,26.6
1,1,1,1,1,1,1,0,0,3,4,3,26.68
1,1,1,1,1,1,1,0,0,2,4,5,26.95
0,1,1,1,1,0,1,1,0,2,4,7,26.54
1,0,1,1,1,1,1,0,0,3,4,9,26.75
1,1,0,1,1,1,1,0,0,2,4,6,22.78
1,1,1,0,1,1,1,0,0,2,5,3,4.11
1,1,1,1,0,1,1,0,0,3,5,1,42.69
1,1,1,1,1,0,1,1,0,3,3,2,8.08
1,1,1,1,1,0,0,1,0,3,4,4,5.61
1,1,1,1,1,1,1,0,0,2,4,12,26.55
1,1,1,1,1,0,1,1,0,3,4,9,24.46
1,1,1,1,1,1,1,0,0,1,3,12,8.75
1,1,1,1,1,1,1,0,0,1,3,4,8.75
1,1,1,1,1,1,1,0,0,1,2,1,13.49
1,1,1,1,1,1,1,0,0,3,4,10,26.42
1,1,1,1,1,0,1,1,0,1,4,15,26.77
1,1,1,1,1,0,1,1,0,4,4,13,26.91
1,1,1,1,1,1,1,0,1,4,2,1,13.89
1,1,1,1,1,1,1,0,0,3,4,7,26.16
1,1,1,1,1,1,1,0,0,1,4,3,26.61
1,1,1,1,1,0,1,1,0,1,1,4,23.3
1,1,1,1,1,0,1,1,0,4,4,10,26.54
1,1,1,1,1,0,1,1,0,4,1,14,23.61
1,1,1,1,1,1,1,0,0,3,1,14,23.93
1,1,1,1,1,0,1,1,0,1,1,14,23.02
1,1,1,1,1,1,1,0,0,3,3,10,8.74
1,1,1,1,1,1,1,0,0,3,4,12,27.07
1,1,1,1,1,1,1,0,0,1,3,2,8.54
1,1,1,1,1,0,1,1,0,3,3,1,8.93
1,1,1,1,1,1,1,0,0,1,4,5,27.0
1,1,1,1,1,0,1,1,0,3,1,7,23.62
1,1,1,1,1,0,1,1,0,1,5,4,12.35
1,1,1,1,1,1,1,0,0,4,2,6,13.33
0,1,1,1,1,0,1,1,0,4,4,14,26.51
1,0,1,1,1,1,1,0,0,1,3,2,9.0
1,1,0,1,1,0,1,1,0,3,3,11,8.78
1,1,1,0,1,0,1,1,0,3,1,6,4.73
1,1,1,1,0,0,1,1,0,1,4,1,63.72
1,1,1,1,1,0,1,1,0,3,4,3,26.23
1,1,1,1,1,0,0,1,0,3,2,15,5.5
1,1,1,1,1,1,1,0,0,1,5,12,12.94
1,1,1,1,1,0,1,1,0,3,5,10,12.63
1,1,1,1,1,0,1,1,0,2,5,10,12.73
1,1,1,1,1,0,1,1,0,3,5,3,12.9
1,1,1,1,1,1,1,0,0,3,1,8,23.22
1,1,1,1,1,0,1,1,0,3,4,11,26.97
1,1,1,1,1,1,1,0,0,1,4,13,26.48
1,1,1,1,1,0,1,1,0,3,2,3,11.41
1,1,1,1,1,0,1,1,0,2,1,15,22.79
1,1,1,1,1,0,1,1,0,2,5,7,13.16
1,1,1,1,1,0,1,1,0,3,4,7,26.43
1,1,1,1,1,1,1,0,0,3,4,1,26.55
1,1,1,1,1,0,1,1,0,3,4,6,25.76
1,1,1,1,1,1,1,0,0,3,3,11,9.24
1,1,1,1,1,1,1,0,0,3,4,15,26.7
1,1,1,1,1,1,1,0,0,3,4,5,26.6
1,1,1,1,1,1,1,0,1,3,4,7,26.81
1,1,1,1,1,0,1,1,0,1,3,11,8.36
1,1,1,1,1,0,1,1,1,3,4,9,26.8
1,1,1,1,1,0,1,1,0,2,3,8,8.77
1,1,1,1,1,0,1,1,0,1,1,15,23.26
1,1,1,1,1,0,1,1,0,1,4,5,26.77
1,1,1,1,1,1,1,0,0,3,5,3,12.81
0,1,1,1,1,1,1,0,0,1,4,8,26.68
1,0,1,1,1,1,1,0,0,1,5,14,12.71
1,1,0,1,1,1,1,0,0,1,1,11,23.25
1,1,1,0,1,1,1,0,0,3,4,3,3.94
1,1,1,1,0,1,1,0,0,3,1,1,20.25
1,1,1,1,1,0,1,1,0,1,2,3,12.77
1,1,1,1,1,0,0,1,0,3,3,15,5.5
1,1,1,1,1,1,1,0,0,3,4,8,26.94
1,1,1,1,1,1,1,0,0,3,4,14,26.63
1,1,1,1,1,1,1,0,0,4,1,5,23.77
1,1,1,1,1,1,1,0,0,1,1,1,23.46
1,1,1,1,1,0,1,1,0,4,3,1,8.96
1,1,1,1,1,0,1,1,0,4,3,2,8.53
1,1,1,1,1,1,1,0,0,1,5,10,12.73
1,1,1,1,1,1,1,0,0,2,4,14,26.7
1,1,1,1,1,1,1,0,0,2,5,4,12.93
1,1,1,1,1,1,1,0,0,2,3,10,9.03
1,1,1,1,1,1,1,0,0,4,4,7,26.88
1,1,1,1,1,1,1,0,0,1,1,13,23.1
1,1,1,1,1,0,1,1,0,1,4,10,23.98
1,1,1,1,1,0,1,1,0,4,2,15,13.51
1,1,1,1,1,0,1,1,0,4,1,11,23.43
1,1,1,1,1,0,1,1,1,1,4,5,26.81
1,1,1,1,1,1,1,0,1,4,3,1,9.39
1,1,1,1,1,1,1,0,0,4,4,4,26.34
1,1,1,1,1,0,1,1,0,2,4,15,25.74
1,1,1,1,1,1,1,0,0,2,4,15,26.6
1,1,1,1,1,1,1,0,0,2,3,5,8.82
1,1,1,1,1,0,1,1,0,1,1,5,23.23
0,1,1,1,1,0,1,1,0,2,4,15,26.82
1,0,1,1,1,1,1,0,0,4,4,11,26.87
1,1,0,1,1,0,1,1,0,4,4,5,22.5
1,1,1,0,1,1,1,0,0,2,4,15,3.98
1,1,1,1,0,1,1,0,0,4,4,7,63.67
1,1,1,1,1,0,1,1,0,1,2,1,13.26
1,1,1,1,1,1,0,0,0,2,2,10,2.83
1,1,1,1,1,1,1,0,0,4,3,15,8.82
1,1,1,1,1,1,1,0,0,4,5,12,12.97
1,1,1,1,1,1,1,0,0,1,3,7,8.14
1,1,1,1,1,1,1,0,1,1,3,7,8.26
1,1,1,1,1,0,1,1,0,3,5,7,12.59
1,1,1,1,1,0,1,1,0,2,2,5,12.92
1,1,1,1,1,0,1,1,0,2,5,2,12.49
1,1,1,1,1,0,1,1,1,3,3,1,8.52
1,1,1,1,1,1,1,0,0,3,3,6,8.91
1,1,1,1,1,0,1,1,0,4,3,6,8.77
1,1,1,1,1,0,1,1,0,3,2,9,11.83
1,1,1,1,1,0,1,1,0,1,1,1,23.18
1,1,1,1,1,1,1,0,0,1,5,5,12.76
1,1,1,1,1,0,1,1,0,2,1,2,23.3
1,1,1,1,1,0,1,1,0,2,5,6,12.7
1,1,1,1,1,0,1,1,1,2,5,7,12.83
1,1,1,1,1,0,1,1,0,3,3,15,9.22
1,1,1,1,1,1,1,0,0,3,5,13,12.8
1,1,1,1,1,0,1,1,0,4,5,9,12.73
1,1,1,1,1,1,1,0,0,4,3,6,9.08
1,1,1,1,1,1,1,0,0,1,5,7,12.77
0,1,1,1,1,1,1,0,0,3,2,4,12.9
1,0,1,1,1,1,1,0,0,4,1,2,23.54
1,1,0,1,1,0,1,1,0,4,5,1,11.17
1,1,1,0,1,0,1,1,0,2,5,14,3.76
1,1,1,1,0,0,1,1,0,2,1,11,20.78
1,1,1,1,1,0,1,1,0,2,1,6,23.71
1,1,1,1,1,1,0,0,0,4,5,7,2.8
1,1,1,1,1,1,1,0,0,4,1,10,22.63
1,1,1,1,1,0,1,1,0,4,5,13,13.06
1,1,1,1,1,0,1,1,1,4,3,1,9.33
1,1,1,1,1,0,1,1,0,1,3,1,8.01
1,1,1,1,1,0,1,1,0,2,2,7,13.53
1,1,1,1,1,1,1,0,1,2,4,5,26.6
1,1,1,1,1,1,1,0,0,3,1,7,23.0
1,1,1,1,1,1,1,0,0,2,2,2,13.26
1,1,1,1,1,1,1,0,0,3,1,6,23.23
1,1,1,1,1,1,1,0,0,1,2,2,13.0
1,1,1,1,1,1,1,0,0,2,2,14,13.11
1,1,1,1,1,0,1,1,0,2,3,5,7.88
1,1,1,1,1,0,1,1,0,1,3,3,8.32
1,1,1,1,1,0,1,1,0,1,4,8,26.5
1,1,1,1,1,1,1,0,0,3,2,5,13.75
1,1,1,1,1,0,1,1,0,1,1,13,23.01
1,1,1,1,1,1,1,0,0,3,2,2,13.22
1,1,1,1,1,0,1,1,0,3,1,4,23.49
1,1,1,1,1,0,1,1,0,1,1,12,21.06
1,1,1,1,1,0,1,1,0,1,2,5,12.94
0,1,1,1,1,0,1,1,0,3,4,5,26.89
1,0,1,1,1,0,1,1,0,1,4,3,26.47
1,1,0,1,1,0,1,1,0,4,4,3,22.22
1,1,1,0,1,0,1,1,0,3,1,9,4.74
1,1,1,1,0,1,1,0,0,4,3,2,14.03
1,1,1,1,1,0,1,1,0,2,1,14,23.06
1,1,1,1,1,0,0,1,0,3,4,13,5.66
1,1,1,1,1,1,1,0,0,3,3,1,8.93
1,1,1,1,1,0,1,1,0,3,4,10,24.21
1,1,1,1,1,1,1,0,1,2,3,7,9.25
1,1,1,1,1,0,1,1,0,3,5,5,12.75
1,1,1,1,1,1,1,0,0,2,3,15,8.42
1,1,1,1,1,1,1,0,0,2,2,3,13.48
1,1,1,1,1,1,1,0,0,3,2,1,13.11
1,1,1,1,1,0,1,1,0,2,5,5,12.77
1,1,1,1,1,0,1,1,1,4,5,13,12.84
1,1,1,1,1,0,1,1,0,3,4,15,26.57
1,1,1,1,1,1,1,0,0,4,2,2,12.97
1,1,1,1,1,1,1,0,1,3,4,14,26.9
1,1,1,1,1,1,1,0,0,1,4,14,26.86
1,1,1,1,1,0,1,1,1,3,3,15,8.35
1,1,1,1,1,1,1,0,0,4,2,10,11.73
1,1,1,1,1,0,1,1,0,3,3,6,8.09
1,1,1,1,1,1,1,0,0,1,5,9,13.02
1,1,1,1,1,1,1,0,0,2,5,10,13.18
1,1,1,1,1,0,1,1,0,1,4,2,27.11
0,1,1,1,1,1,1,0,0,4,2,13,13.25
1,0,1,1,1,0,1,1,0,2,3,13,8.72
1,1,0,1,1,0,1,1,0,2,3,6,8.7
1,1,1,0,1,1,1,0,0,1,3,10,4.15
1,1,1,1,0,1,1,0,0,3,4,15,64.23
1,1,1,1,1,0,1,1,1,3,4,11,26.55
1,1,1,1,1,0,0,1,0,3,4,8,5.65
1,1,1,1,1,1,1,0,0,2,3,7,8.93
1,1,1,1,1,0,1,1,0,4,4,9,26.24
1,1,1,1,1,1,1,0,0,4,1,8,23.22
1,1,1,1,1,0,1,1,0,3,4,14,26.53
1,1,1,1,1,0,1,1,0,4,3,15,7.99
1,1,1,1,1,1,1,0,0,1,5,4,12.37
1,1,1,1,1,0,1,1,1,2,4,15,25.82
1,1,1,1,1,0,1,1,0,3,3,14,7.85
1,1,1,1,1,1,1,0,0,2,1,13,23.52
1,1,1,1,1,0,1,1,0,2,3,10,9.01
1,1,1,1,1,1,1,0,0,2,1,5,23.33
1,1,1,1,1,1,1,0,0,4,1,6,23.77
1,1,1,1,1,1,1,0,1,1,3,2,8.9
1,1,1,1,1,0,1,1,0,2,1,4,23.32
1,1,1,1,1,0,1,1,0,4,1,7,23.47
1,1,1,1,1,1,1,0,0,1,5,6,12.65
1,1,1,1,1,0,1,1,0,1,3,9,8.89
1,1,1,1,1,0,1,1,1,2,4,11,24.18
0,1,1,1,1,0,1,1,0,2,4,5,26.85
1,0,1,1,1,1,1,0,0,2,4,4,26.66
1,1,0,1,1,1,1,0,1,2,4,6,22.45
1,1,1,0,1,0,1,1,0,1,4,9,3.93
1,1,1,1,0,1,1,0,0,1,3,3,14.5
1,1,1,1,1,0,1,1,1,3,4,15,26.71
1,1,1,1,1,0,0,1,0,4,4,5,5.75
1,1,1,1,1,1,1,0,0,2,1,9,23.0
1,1,1,1,1,1,1,0,0,4,1,2,23.15
1,1,1,1,1,0,1,1,0,1,4,4,26.67
1,1,1,1,1,1,1,0,0,1,2,13,12.87
1,1,1,1,1,0,1,1,0,3,5,8,12.74
1,1,1,1,1,0,1,1,0,3,5,13,12.84
1,1,1,1,1,1,1,0,0,2,5,3,12.9
1,1,1,1,1,1,1,0,0,3,5,12,12.76
1,1,1,1,1,0,1,1,1,2,1,15,23.37
1,1,1,1,1,0,1,1,1,1,4,15,27.02
1,1,1,1,1,0,1,1,0,2,1,11,23.39
1,1,1,1,1,0,1,1,0,1,4,3,26.48
1,1,1,1,1,1,1,0,1,4,5,9,13.06
1,1,1,1,1,1,1,0,0,2,4,2,26.18
1,1,1,1,1,1,1,0,0,3,2,12,12.77
1,1,1,1,1,0,1,1,0,2,4,9,26.48
1,1,1,1,1,1,1,0,0,2,4,3,26.34
0,1,1,1,1,0,1,1,0,3,1,6,23.6
1,0,1,1,1,1,1,0,0,4,4,14,27.18
1,1,0,1,1,1,1,0,0,2,1,9,23.4
1,1,1,0,1,1,1,0,0,1,2,9,4.05
1,1,1,1,0,1,1,0,0,2,4,13,62.85
1,1,1,1,1,0,1,1,1,4,4,9,26.56
1,1,1,1,1,0,0,1,1,4,4,5,5.72
1,1,1,1,1,1,1,0,1,1,2,1,11.77
1,1,1,1,1,0,1,1,0,4,4,7,27.29
1,1,1,1,1,1,1,0,0,2,1,3,23.41
1,1,1,1,1,1,1,0,0,4,1,15,20.86
1,1,1,1,1,0,1,1,1,1,1,5,22.58
1,1,1,1,1,1,1,0,1,3,3,10,9.25
1,1,1,1,1,0,1,1,0,1,5,14,12.84
1,1,1,1,1,1,1,0,0,1,2,15,13.23
1,1,1,1,1,0,1,1,0,4,2,11,13.83
1,1,1,1,1,1,1,0,0,4,3,10,8.48
1,1,1,1,1,0,1,1,1,4,4,14,27.06
1,1,1,1,1,0,1,1,1,1,3,3,8.68
1,1,1,1,1,1,1,0,0,1,3,8,9.22
1,1,1,1,1,0,1,1,0,1,2,10,13.55
1,1,1,1,1,0,1,1,1,2,5,10,12.62
1,1,1,1,1,1,1,0,0,4,3,2,8.88
0,1,1,1,1,1,1,0,0,4,3,15,8.98
1,0,1,1,1,1,1,0,0,3,1,2,23.29
1,1,0,1,1,0,1,1,1,2,3,6,8.76
1,1,1,0,1,1,1,0,0,4,3,10,4.24
1,1,1,1,0,1,1,0,0,4,3,11,14.47
1,1,1,1,1,0,1,1,0,2,4,6,26.78
1,1,1,1,1,1,0,0,0,3,3,4,2.57
1,1,1,1,1,1,1,0,1,3,4,5,26.99
1,1,1,1,1,1,1,0,0,1,1,5,23.58
1,1,1,1,1,1,1,0,0,2,3,9,8.33
1,1,1,1,1,0,1,1,0,3,4,1,26.37
1,1,1,1,1,1,1,0,1,2,3,15,8.14
1,1,1,1,1,0,1,1,0,4,4,4,26.49
1,1,1,1,1,0,1,1,1,1,4,4,26.47
1,1,1,1,1,1,1,0,1,3,4,12,24.37
1,1,1,1,1,0,1,1,0,2,3,6,8.76
1,1,1,1,1,0,1,1,0,4,3,5,8.94
1,1,1,1,1,0,1,1,0,1,3,4,8.72
1,1,1,1,1,1,1,0,0,3,3,7,8.97
1,1,1,1,1,1,1,0,0,2,3,8,8.4
1,1,1,1,1,1,1,0,1,3,3,7,9.0
1,1,1,1,1,0,1,1,0,3,1,11,23.28
0,1,1,1,1,1,1,0,0,1,4,11,26.49
1,0,1,1,1,1,1,0,0,1,2,6,13.15
1,1,0,1,1,1,1,0,0,4,2,3,13.24
1,1,1,0,1,1,1,0,0,3,3,8,4.14
1,1,1,1,0,1,1,0,0,1,1,5,20.8
1,1,1,1,1,0,1,1,1,1,3,1,8.93
1,1,1,1,1,0,0,1,0,2,2,4,5.59
1,1,1,1,1,1,1,0,1,1,3,8,8.38
1,1,1,1,1,1,1,0,0,4,5,9,13.0
1,1,1,1,1,1,1,0,0,3,3,9,8.8
1,1,1,1,1,1,1,0,1,4,3,10,8.63
1,1,1,1,1,1,1,0,0,4,3,8,8.46
1,1,1,1,1,1,1,0,0,2,1,2,23.44
1,1,1,1,1,1,1,0,1,1,3,4,9.22
1,1,1,1,1,0,1,1,0,2,2,6,11.66
1,1,1,1,1,1,1,0,0,3,4,6,26.8
1,1,1,1,1,1,1,0,0,3,3,2,8.8
1,1,1,1,1,1,1,0,0,2,2,1,13.14
1,1,1,1,1,0,1,1,0,1,3,14,8.78
1,1,1,1,1,0,1,1,0,2,3,2,9.26
1,1,1,1,1,0,1,1,0,3,2,14,12.9
0,1,1,1,1,0,1,1,0,2,3,2,8.06
1,0,1,1,1,0,1,1,0,1,3,2,8.43
1,1,0,1,1,0,1,1,0,4,5,2,11.4
1,1,1,0,1,0,1,1,0,2,4,5,3.68
1,1,1,1,0,1,1,0,0,3,3,7,14.66
1,1,1,1,1,0,1,1,1,4,3,15,8.44
1,1,1,1,1,1,0,0,0,2,1,11,3.8
1,1,1,1,1,1,1,0,1,1,4,13,26.49
1,1,1,1,1,0,1,1,0,3,1,12,23.29
1,1,1,1,1,1,1,0,1,3,5,9,13.01
1,1,1,1,1,0,1,1,0,2,3,3,8.78
1,1,1,1,1,1,1,0,0,2,5,1,12.88
1,1,1,1,1,0,1,1,1,2,3,5,8.8
1,1,1,1,1,0,1,1,0,1,2,14,11.52
1,1,1,1,1,0,1,1,0,1,3,15,8.04
1,1,1,1,1,1,1,0,0,1,3,5,9.34
1,1,1,1,1,0,1,1,1,2,5,5,12.7
1,1,1,1,1,1,1,0,0,2,3,1,8.41
1,1,1,1,1,1,1,0,0,2,2,6,13.09
1,1,1,1,1,1,1,0,1,2,3,1,8.41
0,1,1,1,1,1,1,0,0,4,2,12,13.33
1,0,1,1,1,1,1,0,0,2,4,13,26.43
1,1,0,1,1,0,1,1,0,3,3,8,8.49
1,1,1,0,1,0,1,1,0,2,5,13,4.07
1,1,1,1,0,1,1,0,0,3,5,10,42.59
1,1,1,1,1,0,1,1,0,2,3,7,7.87
1,1,1,1,1,1,0,0,0,1,3,12,2.7
1,1,1,1,1,1,1,0,0,3,2,14,12.78
1,1,1,1,1,0,1,1,0,2,3,15,9.3
1,1,1,1,1,1,1,0,1,4,4,7,27.27
1,1,1,1,1,1,1,0,1,1,2,13,13.69
1,1,1,1,1,0,1,1,0,2,2,15,12.8
1,1,1,1,1,0,1,1,0,2,3,1,8.85
1,1,1,1,1,1,1,0,0,2,3,4,8.32
1,1,1,1,1,1,1,0,0,1,4,8,26.18
1,1,1,1,1,0,1,1,1,4,4,4,26.63
1,1,1,1,1,0,1,1,0,3,3,10,8.49
1,1,1,1,1,0,1,1,0,3,5,1,12.79
1,1,1,1,1,0,1,1,1,2,1,14,22.98
0,1,1,1,1,1,1,0,0,3,3,2,8.99
1,0,1,1,1,0,1,1,0,2,1,2,22.99
1,1,0,1,1,0,1,1,0,3,4,3,22.27
1,1,1,0,1,1,1,0,0,3,3,2,4.14
1,1,1,1,0,1,1,0,0,1,3,1,13.94
1,1,1,1,1,0,1,1,1,4,3,2,8.94
1,1,1,1,1,0,0,1,0,3,3,7,5.49
1,1,1,1,1,1,1,0,0,2,4,6,26.68
1,1,1,1,1,1,1,0,0,1,2,6,12.77
1,1,1,1,1,0,1,1,0,2,5,8,12.72
1,1,1,1,1,1,1,0,1,2,2,2,12.85
1,1,1,1,1,1,1,0,0,3,5,4,13.02
1,1,1,1,1,0,1,1,0,3,3,8,9.25
1,1,1,1,1,0,1,1,0,3,3,3,8.94
1,1,1,1,1,1,1,0,1,2,3,2,8.71
1,1,1,1,1,0,1,1,1,3,1,11,21.55
1,1,1,1,1,0,1,1,1,2,3,10,8.9
1,1,1,1,1,1,1,0,0,1,3,3,8.88
0,1,1,1,1,0,1,1,0,1,4,15,25.64
1,0,1,1,1,1,1,0,0,2,5,2,12.93
1,1,0,1,1,1,1,0,0,3,3,9,8.22
1,1,1,0,1,0,1,1,0,1,4,1,3.64
1,1,1,1,0,0,1,1,0,3,4,2,59.08
1,1,1,1,1,0,1,1,1,2,3,7,8.41
1,1,1,1,1,1,0,0,0,3,3,7,2.7
1,1,1,1,1,1,1,0,0,3,3,8,8.7
1,1,1,1,1,0,1,1,0,3,3,4,9.28
1,1,1,1,1,0,1,1,0,4,3,11,8.94
1,1,1,1,1,1,1,0,1,1,3,3,8.76
1,1,1,1,1,1,1,0,1,4,3,2,8.87
1,1,1,1,1,0,1,1,1,2,3,1,7.85
1,1,1,1,1,1,1,0,0,1,1,6,23.21
1,1,1,1,1,0,1,1,0,4,3,8,8.96
1,1,1,1,1,1,1,0,1,3,3,1,8.48
1,1,1,1,1,0,1,1,0,2,3,4,8.86
0,1,1,1,1,1,1,0,0,4,3,1,8.46
1,0,1,1,1,1,1,0,0,4,1,8,23.09
1,1,0,1,1,0,1,1,0,1,3,1,8.35
1,1,1,0,1,1,1,0,0,2,3,3,3.87
1,1,1,1,0,1,1,0,1,1,3,1,13.7
1,1,1,1,1,0,1,1,1,3,3,4,9.31
1,1,1,1,1,1,0,0,0,1,4,9,2.9
1,1,1,1,1,1,1,0,0,2,1,1,23.52
1,1,1,1,1,1,1,0,0,3,3,15,8.82
1,1,1,1,1,1,1,0,0,2,3,12,8.49
1,1,1,1,1,1,1,0,0,2,3,11,9.0
1,1,1,1,1,0,1,1,1,2,5,2,12.82
1,1,1,1,1,1,1,0,0,4,3,1,9.0
1,1,1,1,1,1,1,0,0,3,3,5,8.56
1,1,1,1,1,0,1,1,1,1,3,9,8.33
1,1,1,1,1,0,1,1,0,2,4,1,26.78
0,1,1,1,1,1,1,0,0,2,2,10,13.51
1,0,1,1,1,1,1,0,0,4,3,15,8.81
1,1,0,1,1,0,1,1,0,4,4,11,22.67
1,1,1,0,1,1,1,0,0,2,4,1,3.97
1,1,1,1,0,1,1,0,0,2,3,4,15.2
1,1,1,1,1,0,1,1,0,4,2,2,12.89
1,1,1,1,1,0,0,1,0,1,3,1,5.51
1,1,1,1,1,1,1,0,1,3,4,6,26.72
1,1,1,1,1,1,1,0,0,1,3,1,9.01
1,1,1,1,1,1,1,0,1,2,3,4,8.4
1,1,1,1,1,1,1,0,0,1,3,13,8.94
1,1,1,1,1,0,1,1,0,1,3,10,8.04
1,1,1,1,1,1,1,0,1,1,3,1,8.68
1,1,1,1,1,1,1,0,0,1,3,10,9.2
1,1,1,1,1,0,1,1,1,3,4,6,25.97
0,1,1,1,1,1,1,0,0,2,4,1,26.51
1,0,1,1,1,0,1,1,0,3,4,15,26.8
1,1,0,1,1,0,1,1,0,4,3,1,8.78
1,1,1,0,1,0,1,1,0,1,3,1,4.12
1,1,1,1,0,1,1,0,0,1,1,14,19.56
1,1,1,1,1,0,1,1,0,3,2,12,11.71
1,1,1,1,1,1,0,0,0,3,5,10,2.72
1,1,1,1,1,1,1,0,0,3,2,7,11.73
1,1,1,1,1,1,1,0,0,2,3,6,8.88
1,1,1,1,1,0,1,1,0,1,3,7,8.91
1,1,1,1,1,0,1,1,1,4,3,5,8.79
1,1,1,1,1,0,1,1,0,3,3,5,8.93
1,1,1,1,1,1,1,0,0,3,3,4,9.19
1,1,1,1,1,1,1,0,0,4,3,4,8.54
0,1,1,1,1,1,1,0,0,2,4,14,26.5
1,0,1,1,1,1,1,0,0,3,3,2,8.77
1,1,0,1,1,1,1,0,0,3,3,1,9.31
1,1,1,0,1,1,1,0,0,4,2,6,4.1
1,1,1,1,0,1,1,0,0,2,3,7,14.15
1,1,1,1,1,0,1,1,0,4,5,1,12.91
1,1,1,1,1,0,0,1,0,3,3,5,5.26
1,1,1,1,1,1,1,0,0,2,2,9,13.11
1,1,1,1,1,1,1,0,0,4,4,1,27.02
1,1,1,1,1,0,1,1,0,1,3,5,8.45
1,1,1,1,1,0,1,1,1,3,2,14,11.69
1,1,1,1,1,1,1,0,1,1,4,1,27.29
1,1,1,1,1,1,1,0,0,2,4,10,26.78
0,1,1,1,1,1,1,0,0,3,2,1,13.66
1,0,1,1,1,1,1,0,0,1,4,9,26.69
1,1,0,1,1,1,1,0,0,3,3,2,9.32
1,1,1,0,1,1,1,0,0,4,5,15,4.18
1,1,1,1,0,0,1,1,0,2,3,2,14.06
1,1,1,1,1,0,1,1,0,4,3,9,8.42
1,1,1,1,1,1,0,0,0,4,4,8,2.96
1,1,1,1,1,1,1,0,0,1,5,15,12.47
1,1,1,1,1,1,1,0,0,1,2,7,13.46
1,1,1,1,1,1,1,0,0,2,2,7,13.48
1,1,1,1,1,1,1,0,1,2,3,3,8.8
1,1,1,1,1,1,1,0,0,2,4,7,26.58
0,1,1,1,1,1,1,0,0,1,4,1,26.55
1,0,1,1,1,1,1,0,0,4,3,13,9.39
1,1,0,1,1,1,1,0,0,1,2,4,11.87
1,1,1,0,1,0,1,1,0,1,3,14,4.14
1,1,1,1,0,0,1,1,0,1,3,1,14.2
1,1,1,1,1,0,1,1,0,3,1,5,23.63
1,1,1,1,1,1,0,0,0,1,5,1,2.74
1,1,1,1,1,1,1,0,0,3,4,4,26.16
1,1,1,1,1,0,1,1,0,2,2,2,11.56
1,1,1,1,1,0,1,1,1,1,4,8,26.36
1,1,1,1,1,0,1,1,0,1,3,6,8.74
0,1,1,1,1,0,1,1,0,1,3,11,8.76
1,0,1,1,1,0,1,1,0,1,4,2,26.43
1,1,0,1,1,0,1,1,0,3,4,8,21.41
1,1,1,0,1,1,1,0,0,4,3,5,4.25
1,1,1,1,0,1,1,0,0,3,4,5,63.93
1,1,1,1,1,0,1,1,0,1,3,2,8.85
1,1,1,1,1,1,0,0,0,3,3,5,2.68
1,1,1,1,1,1,1,0,1,1,3,5,9.34
1,1,1,1,1,0,1,1,0,1,3,8,9.03
1,1,1,1,1,1,1,0,1,4,4,5,26.54
0,1,1,1,1,0,1,1,0,1,5,13,12.7
1,0,1,1,1,1,1,0,0,1,3,5,8.69
1,1,0,1,1,1,1,0,1,3,3,1,9.02
1,1,1,0,1,1,1,0,0,1,3,9,4.16
1,1,1,1,0,1,1,0,1,4,3,2,14.29
1,1,1,1,1,0,1,1,0,3,3,13,7.91
1,1,1,1,1,1,0,0,0,3,5,15,2.7
1,1,1,1,1,1,1,0,1,1,1,1,23.53
1,1,1,1,1,1,1,0,0,1,5,1,12.89
0,1,1,1,1,0,1,1,0,2,5,13,12.86
1,0,1,1,1,0,1,1,0,4,3,14,9.34
1,1,0,1,1,1,1,0,0,2,3,1,9.04
1,1,1,0,1,1,1,0,0,4,3,3,3.94
1,1,1,1,0,0,1,1,0,2,4,13,63.76
1,1,1,1,1,0,1,1,1,3,3,13,9.02
1,1,1,1,1,0,0,1,0,1,2,2,5.72
1,1,1,1,1,1,1,0,0,4,4,8,26.7
1,1,1,1,1,0,1,1,0,1,5,1,12.58
0,0,1,1,1,1,1,0,0,1,3,7,8.41
0,1,0,1,1,1,1,0,0,2,3,3,8.75
0,1,1,0,1,1,1,0,0,2,3,10,4.15
0,1,1,1,0,1,1,0,0,3,3,3,13.64
0,1,1,1,1,0,1,1,1,3,1,6,23.21
0,1,1,1,1,0,0,1,0,1,4,6,5.66
0,1,1,1,1,1,1,0,0,3,2,15,13.81
0,1,1,1,1,1,1,0,0,3,2,3,12.88
1,0,0,1,1,0,1,1,0,4,1,1,23.54
1,0,1,0,1,0,1,1,0,2,2,15,4.03
1,0,1,1,0,0,1,1,0,2,4,2,63.26
1,0,1,1,1,0,1,1,0,4,3,12,9.08
1,0,1,1,1,1,0,0,0,2,4,9,2.91
1,0,1,1,1,1,1,0,0,3,5,7,12.74
1,0,1,1,1,0,1,1,0,1,3,1,8.1
1,1,0,0,1,1,1,0,0,4,4,2,3.75
1,1,0,1,0,0,1,1,0,4,3,4,14.58
1,1,0,1,1,0,1,1,0,3,2,2,12.9
1,1,0,1,1,1,0,0,0,3,5,15,2.71
1,1,0,1,1,1,1,0,0,4,3,8,8.19
1,1,0,1,1,0,1,1,0,2,4,1,22.42
1,1,1,0,0,0,1,1,0,2,3,7,5.49
1,1,1,0,1,0,1,1,0,3,3,8,4.11
1,1,1,0,1,1,0,0,0,2,4,6,2.05
1,1,1,0,1,1,1,0,0,2,3,1,4.17
1,1,1,0,1,0,1,1,0,3,4,7,3.62
1,1,1,1,0,0,1,1,0,2,2,3,17.43
1,1,1,1,0,1,0,0,0,1,5,2,5.42
1,1,1,1,0,1,1,0,0,1,4,15,63.31
1,1,1,1,0,0,1,1,0,1,5,8,42.01
1,1,1,1,1,0,0,1,0,1,3,9,5.85
1,1,1,1,1,0,1,0,0,3,3,4,7.96
1,1,1,1,1,0,1,1,0,2,3,11,7.88
1,1,1,1,1,1,0,0,1,1,3,12,2.67
1,1,1,1,1,0,0,1,0,1,1,12,6.27
1,1,1,1,1,1,1,0,0,2,4,1,27.03
1,1,1,1,1,0,0,1,0,1,2,11,5.59
1,1,0,0,0,0,0,0,0,3,3,13,5.43
1,0,0,0,0,1,1,0,0,3,5,12,5.88
1,1,1,1,1,0,0,0,0,1,1,3,6.78
1,1,0,1,1,0,0,0,0,2,4,11,6.07
1,0,0,0,1,0,1,0,0,4,2,5,4.1
1,1,0,0,0,0,0,0,0,1,4,5,5.75
1,1,1,1,1,1,1,0,0,2,3,2,8.45
0,0,0,0,0,1,0,0,0,3,2,14,2.86
0,1,1,1,1,1,1,0,0,2,1,6,22.97
1,1,1,1,1,0,1,1,0,4,1,2,23.39
1,1,1,1,1,0,1,1,1,4,1,2,23.19
1,0,0,1,1,1,1,0,0,4,2,3,13.62
0,1,0,0,0,0,0,0,0,4,4,13,6.08
1,0,0,0,1,0,1,0,1,4,2,5,4.09
1,1,1,1,1,0,1,1,0,4,1,10,23.15
1,0,0,0,1,1,0,0,0,4,2,5,2.12
0,1,1,1,1,1,1,0,1,2,1,6,23.91
1,0,0,1,1,1,1,0,1,4,2,3,13.24
0,1,0,0,0,0,0,0,1,4,4,13,6.14
1,0,0,0,1,1,0,0,1,4,2,5,2.13
1,0,0,1,1,0,1,0,0,2,2,9,13.17
0,1,0,0,0,0,0,0,0,4,2,13,5.2
1,0,0,1,1,0,0,0,0,4,2,5,5.69
1,0,0,1,1,0,1,0,1,2,2,9,13.09
1,1,0,0,0,0,0,0,1,1,4,5,6.06
1,0,0,0,1,1,1,0,0,2,2,9,4.05
0,0,0,0,0,0,0,0,0,1,5,15,5.56
1,0,1,0,1,0,1,1,0,4,5,3,4.15
1,0,0,1,1,0,0,0,1,4,2,5,5.91
0,1,0,0,0,0,0,0,1,4,2,13,5.59
0,1,1,0,0,0,0,0,0,1,4,5,6.99
1,1,1,1,1,0,1,1,1,4,1,10,23.11
0,0,0,0,0,0,0,0,0,1,4,2,5.95
1,0,0,0,1,1,1,0,1,2,2,9,4.06
0,0,0,0,1,0,0,0,0,4,1,13,4.46
1,1,1,1,1,0,1,1,0,4,1,13,23.67
0,1,1,0,0,0,0,0,1,1,4,5,7.02
1,1,1,1,1,0,1,1,1,4,1,13,21.72
1,1,1,1,1,0,1,1,0,4,1,5,22.93
0,0,1,0,1,0,0,0,0,1,2,5,3.98
0,0,0,0,1,0,0,0,1,4,1,13,4.8
0,0,0,0,0,0,0,0,1,1,4,2,6.01
1,1,1,1,1,0,1,0,0,2,1,6,22.65
0,0,0,0,0,0,0,1,0,4,2,13,5.59
0,0,0,0,1,1,1,0,0,4,2,5,4.12
1,1,1,1,1,0,1,1,1,4,1,5,23.38
1,1,1,1,1,0,1,0,1,2,1,6,23.83
1,1,1,1,1,0,1,1,0,4,1,4,23.88
1,0,1,0,1,0,1,1,1,4,5,3,4.13
1,0,0,1,0,0,1,1,0,1,2,9,17.42
0,0,0,0,1,1,1,0,1,4,2,5,4.12
1,0,1,0,1,1,1,0,0,1,5,3,4.1
0,0,0,0,0,0,0,1,1,4,2,13,5.61
0,0,0,1,1,0,1,0,0,4,2,5,11.54
1,1,1,1,1,1,0,0,0,2,1,6,4.03
0,0,0,0,0,0,0,0,0,1,1,2,6.07
0,0,0,0,0,0,0,0,1,1,1,2,6.08
0,0,1,0,1,0,0,0,1,1,2,5,3.99
0,0,1,0,1,0,0,0,0,1,3,5,4.12
1,1,1,1,1,0,1,1,1,4,1,4,23.68
1,1,1,1,1,0,1,1,0,4,4,4,26.75
1,1,1,1,1,0,1,1,1,4,4,4,26.22
1,1,1,1,1,0,1,1,0,4,4,10,26.64
0,0,0,0,0,0,0,1,0,4,3,13,5.53
1,1,1,1,1,0,1,1,1,4,4,10,26.53
0,0,0,1,1,0,1,0,1,4,2,5,13.92
1,0,0,1,0,0,1,1,1,1,2,9,17.46
0,0,1,0,1,0,0,0,1,1,3,5,4.11
1,1,1,1,1,1,0,0,1,2,1,6,4.02
1,1,1,0,1,1,1,0,0,2,1,6,4.74
0,0,0,0,0,0,0,0,0,1,4,12,6.05
0,0,0,0,0,0,0,0,1,1,4,12,6.05
1,1,1,1,1,0,1,1,0,4,4,2,25.78
1,1,1,1,1,0,1,1,1,4,4,2,26.65
0,0,0,0,0,0,0,1,1,4,3,13,5.54
0,1,0,0,0,0,0,0,0,4,3,13,5.53
1,0,1,0,1,1,1,0,1,1,5,3,3.79
0,0,0,1,1,1,0,0,0,4,2,5,2.87
0,0,0,0,0,0,0,0,0,3,4,12,6.03
0,0,0,0,0,0,0,0,1,3,4,12,6.03
1,0,1,1,1,0,1,0,0,1,5,3,12.97
1,0,1,1,1,0,1,0,1,1,5,3,12.84
1,1,1,0,1,1,1,0,1,2,1,6,4.75
1,0,0,0,1,1,1,0,0,1,2,9,3.74
1,0,1,1,1,0,0,1,0,4,5,3,5.63
1,1,1,0,1,1,1,0,0,2,1,12,4.75
0,1,1,0,0,0,0,0,0,1,2,5,5.52
1,0,0,0,1,1,1,0,1,1,2,9,4.04
0,0,0,1,1,1,0,0,1,4,2,5,2.87
1,0,1,1,1,0,0,1,1,4,5,3,5.65
0,1,0,0,1,1,0,0,0,4,2,5,2.13
1,1,1,1,1,0,1,1,0,4,3,12,8.46
1,0,1,1,1,1,0,0,0,1,5,3,2.73
0,0,0,0,0,0,0,0,0,4,4,12,6.12
0,0,0,0,1,1,1,0,0,2,2,11,4.04
1,0,0,1,1,0,1,0,0,1,2,9,13.44
0,0,0,0,1,1,1,0,1,2,2,11,4.04
1,0,0,1,1,0,1,0,1,1,2,9,13.38
1,1,1,0,1,1,1,0,1,2,1,12,4.76
1,0,0,1,0,0,1,1,0,2,2,9,16.46
1,1,1,1,1,0,1,1,1,4,3,12,8.83
1,1,1,1,1,0,1,1,0,4,3,9,9.1
1,0,1,1,1,1,0,0,1,1,5,3,2.7
1,0,0,1,0,0,1,1,1,2,2,9,17.83
0,1,0,0,0,0,0,0,1,4,3,13,5.54
0,0,0,0,0,0,0,0,1,4,4,12,6.14
1,0,0,0,1,1,1,0,0,1,3,9,4.16
0,1,1,0,0,0,0,0,1,1,2,5,5.53
0,0,0,0,0,0,0,0,0,4,1,12,6.2
0,0,1,1,1,1,1,0,0,1,5,3,12.91
0,0,1,0,1,0,0,0,0,1,4,5,3.91
1,1,1,1,1,0,1,1,1,4,3,9,8.26
1,0,0,0,1,1,1,0,1,1,3,9,4.16
0,0,0,0,0,1,0,0,0,4,3,13,2.86
1,1,1,1,1,0,1,1,0,4,3,6,8.5
0,0,0,0,0,1,0,0,1,4,3,13,2.88
0,0,0,0,0,0,0,0,0,1,4,5,6.05
0,0,1,0,1,0,0,0,1,1,4,5,3.92
1,0,0,1,1,0,1,0,0,1,3,9,8.35
1,0,0,1,1,0,1,0,1,1,3,9,8.69
0,0,0,0,0,0,0,0,0,2,4,12,5.76
1,0,0,1,0,0,1,1,0,1,3,9,14.31
1,0,0,0,0,0,0,0,0,4,3,13,5.53
1,1,1,1,1,1,0,0,0,2,1,12,4.05
1,0,0,1,0,0,1,1,1,1,3,9,15.05
1,0,0,0,0,0,0,0,1,4,3,13,5.53
0,0,0,0,0,0,0,0,1,2,4,12,6.07
0,1,1,0,0,0,0,0,0,1,3,5,5.09
1,0,0,0,1,1,0,0,0,2,2,11,2.08
0,0,0,0,0,1,0,0,0,4,2,13,2.91
0,1,1,0,0,0,0,0,1,1,3,5,5.48
1,0,0,0,1,1,1,0,0,1,1,9,4.74
1,0,0,0,1,1,1,0,1,1,1,9,4.41
1,1,1,1,1,0,1,1,1,4,3,6,8.27
1,0,1,0,0,0,0,0,0,1,3,5,5.46
1,0,1,0,0,0,0,0,1,1,3,5,5.49
1,1,1,1,1,1,0,0,1,2,1,12,3.85
0,0,0,0,0,0,0,0,0,1,4,13,5.99
0,0,0,0,0,1,0,0,1,4,2,13,2.9
0,0,0,1,0,1,0,0,0,1,3,5,3.99
1,1,1,1,1,0,1,0,0,2,1,12,23.5
1,1,1,1,1,0,1,0,1,2,1,12,23.04
0,0,0,1,0,1,0,0,1,1,3,5,3.99
1,1,1,1,1,0,1,1,0,4,3,14,8.46
1,1,1,1,1,0,1,1,1,4,3,14,8.73
0,0,0,0,0,0,0,0,0,1,1,12,6.1
1,1,1,0,1,1,1,0,0,2,5,12,4.12
1,1,1,1,1,0,1,1,0,4,3,1,8.14
0,0,1,1,1,1,1,0,1,1,5,3,12.71
1,0,0,0,0,0,0,0,0,4,2,13,5.22
0,0,0,0,0,1,1,0,0,1,3,5,5.13
1,0,0,1,1,0,1,0,0,1,1,9,23.32
1,1,1,0,1,1,1,0,1,2,5,12,4.12
0,0,0,0,0,0,0,0,1,1,1,12,6.11
1,1,1,0,1,1,1,0,0,2,4,12,3.97
0,1,1,1,0,1,1,0,0,1,5,3,42.71
0,1,1,1,0,1,1,0,1,1,5,3,43.39
1,0,0,0,0,0,0,0,1,4,2,13,5.58
0,0,0,0,0,1,1,0,1,1,3,5,5.51
0,0,0,0,1,0,0,0,0,4,2,13,4.06
0,1,1,0,1,1,1,0,0,4,5,3,4.18
1,0,0,1,1,0,1,0,1,1,1,9,22.59
0,0,0,1,0,0,1,0,0,1,3,5,14.75
0,0,0,0,0,0,0,0,0,3,1,12,6.09
1,1,1,1,1,0,1,1,1,4,3,1,8.88
0,1,1,0,1,1,1,0,1,4,5,3,4.18
0,0,0,0,0,0,0,0,1,1,4,5,6.06
0,0,0,0,1,0,0,0,1,4,2,13,4.07
0,1,1,1,1,0,1,0,0,4,5,3,12.87
1,1,1,1,1,1,1,0,0,4,3,1,8.42
0,0,0,0,0,0,0,0,1,3,1,12,6.1
0,0,0,0,0,0,0,1,0,4,1,13,6.16
1,0,0,0,1,1,0,0,1,2,2,11,2.09
0,0,0,0,0,0,0,1,1,4,1,13,6.2
0,0,0,0,0,1,0,0,0,4,5,13,3.07
1,1,1,0,1,1,1,0,1,2,4,12,4.0
0,1,1,1,1,0,1,0,1,4,5,3,12.94
1,0,0,1,0,0,1,1,0,1,1,9,20.73
1,0,0,1,0,0,1,1,1,1,1,9,20.04
0,0,0,0,1,1,1,0,0,3,2,11,4.01
1,1,1,1,1,1,0,0,0,2,4,12,2.9
1,0,1,1,0,1,1,0,0,4,5,3,42.92
0,0,0,0,0,0,0,0,1,4,1,12,6.22
0,0,0,0,1,0,1,1,0,2,2,12,4.01
1,1,1,1,1,1,1,0,1,4,3,1,9.0
0,0,0,0,0,0,0,0,0,4,5,3,5.89
0,0,0,0,1,1,1,0,0,3,2,15,4.02
0,0,0,0,0,1,0,0,1,4,5,13,3.07
0,0,0,1,0,0,1,0,1,1,3,5,13.79
1,1,1,1,1,1,1,0,0,4,3,12,8.87
1,0,1,1,0,1,1,0,1,4,5,3,42.74
1,0,1,0,1,1,1,0,0,4,5,3,4.18
1,0,0,0,1,1,1,0,0,1,5,9,4.1
1,0,1,0,1,1,1,0,1,4,5,3,4.21
0,0,0,0,0,0,0,0,0,1,1,5,5.7
1,0,1,1,1,0,1,0,0,4,5,3,12.97
0,0,0,0,0,0,0,0,1,1,1,5,6.12
1,0,1,1,1,0,1,0,1,4,5,3,12.82
0,0,0,0,1,1,1,0,1,3,2,15,4.02
1,0,0,0,0,0,0,0,0,4,5,13,5.89
1,0,0,0,0,0,0,0,1,4,5,13,5.93
1,1,1,1,1,1,1,0,1,4,3,12,9.03
1,1,1,0,0,1,1,0,0,4,5,3,6.55
0,0,0,0,0,0,0,0,1,1,4,13,6.05
1,1,1,1,1,1,0,0,1,2,4,12,2.77
1,1,1,0,0,1,1,0,1,4,5,3,6.3
1,1,1,1,1,1,1,0,0,4,3,9,8.6
0,0,0,0,0,0,0,0,0,1,1,13,6.07
0,0,1,1,1,1,0,0,0,1,3,3,2.69
0,0,0,0,1,0,1,0,0,1,3,5,3.82
1,1,1,1,0,0,1,0,0,4,5,3,43.0
0,0,0,0,1,1,1,0,0,3,2,7,4.02
0,1,0,1,0,1,1,0,0,3,5,3,27.32
0,0,0,0,1,0,1,0,1,1,3,5,4.15
1,1,1,1,1,0,1,0,0,2,4,12,26.45
1,1,1,1,1,0,1,0,1,2,4,12,26.64
0,0,0,0,0,0,0,0,1,1,1,13,6.1
1,1,1,1,0,0,1,0,1,4,5,3,42.88
1,1,1,1,1,1,1,0,1,4,3,9,8.81
1,0,0,0,1,1,0,0,0,3,2,15,2.08
0,0,0,0,1,1,1,0,0,3,1,15,4.4
1,1,1,0,1,0,1,0,0,4,5,3,4.14
1,1,1,0,1,0,1,0,1,4,5,3,4.15
0,0,0,0,0,0,0,1,0,4,5,13,5.93
0,0,0,0,1,1,0,0,0,1,3,5,2.16
0,1,0,1,0,1,1,0,1,3,5,3,27.58
0,0,0,0,1,1,1,0,1,3,1,15,4.74
0,0,0,0,0,0,0,0,0,1,4,4,6.0
1,1,1,1,1,1,0,0,0,2,5,12,2.73
0,0,0,0,0,0,0,0,0,2,4,2,5.99
1,0,1,1,0,1,1,0,0,1,5,3,42.98
0,1,0,1,0,1,1,0,0,3,5,11,27.34
1,1,1,1,1,1,1,0,0,4,3,6,8.53
0,0,0,0,1,1,0,0,1,1,3,5,2.16
1,1,1,1,1,1,1,0,1,4,3,6,8.58
0,1,0,1,0,1,1,0,0,1,5,3,27.35
1,1,1,1,1,1,0,0,1,2,5,12,2.59
0,0,0,1,1,0,0,0,0,1,3,5,5.51
0,0,0,0,0,0,0,0,1,2,4,2,6.0
1,0,1,1,0,1,1,0,1,1,5,3,43.6
1,0,0,0,1,0,0,1,0,3,1,15,4.7
0,0,0,0,0,0,0,0,0,2,4,9,6.04
0,0,0,0,0,0,0,0,1,2,4,9,5.83
0,1,0,1,0,1,1,0,1,1,5,3,26.87
1,1,1,0,0,1,1,0,0,1,5,3,6.47
0,0,0,1,1,0,0,0,1,1,3,5,5.52
1,1,1,1,1,1,1,0,0,4,3,14,8.81
0,0,0,0,0,0,0,1,1,4,5,13,5.92
0,0,0,0,0,0,0,0,0,2,4,6,5.99
0,1,0,1,0,1,1,0,0,1,5,11,27.26
1,0,0,0,1,0,0,1,0,3,2,15,3.97
0,0,0,0,0,0,0,0,1,2,4,6,6.01
0,0,0,0,1,0,0,0,0,4,5,13,4.15
1,0,0,0,0,0,1,0,0,1,3,5,5.49
0,1,0,1,0,1,1,0,1,1,5,11,27.4
0,1,0,1,0,1,1,0,1,3,5,11,27.53
1,1,1,1,1,1,1,0,1,4,3,14,8.44
1,1,1,1,1,0,1,0,0,2,5,12,12.93
1,0,0,0,1,0,0,1,1,3,2,15,3.98
1,1,1,1,1,0,1,0,1,2,5,12,12.78
1,0,0,0,1,0,0,1,0,3,2,7,3.96
0,0,0,0,1,1,1,0,1,3,2,7,4.01
0,0,0,1,1,0,1,0,0,3,2,15,11.74
1,0,0,0,0,0,1,0,1,1,3,5,5.5
1,0,0,0,0,1,1,0,0,3,2,15,5.53
1,1,1,0,1,1,1,0,0,2,5,5,4.1
1,1,1,1,1,0,1,1,0,4,3,15,8.56
1,0,0,0,0,1,1,0,1,3,2,15,5.55
1,1,1,0,0,1,1,0,1,1,5,3,6.51
1,1,1,1,1,0,1,1,1,4,3,15,8.42
1,1,1,0,1,1,1,0,1,2,5,5,4.12
0,1,0,1,0,1,1,0,0,1,1,3,21.1
1,0,0,0,0,1,1,0,0,3,2,7,5.52
1,0,0,0,0,1,0,0,0,1,3,5,2.84
0,1,0,1,0,1,1,0,0,1,2,3,17.69
0,1,0,1,0,1,1,0,1,1,2,3,17.38
0,0,0,0,0,0,0,0,0,2,4,14,6.03
1,0,0,0,0,1,1,0,1,3,2,7,5.55
1,0,0,0,1,0,1,0,0,3,2,12,3.98
0,0,0,0,0,0,0,0,1,2,4,14,6.05
1,0,0,0,1,0,1,0,1,3,2,12,4.0
1,1,1,1,0,0,1,0,0,1,5,3,41.42
1,1,1,1,1,1,0,0,0,2,5,5,2.75
1,1,1,1,1,1,0,0,1,2,5,5,2.59
1,1,1,1,1,0,1,1,0,4,3,7,7.96
1,1,1,1,1,0,1,1,1,4,3,7,8.94
1,1,1,1,0,0,1,0,1,1,5,3,41.85
1,1,1,1,1,1,1,0,0,4,3,4,9.0
1,1,1,1,1,1,1,0,1,4,3,4,8.24
0,0,0,0,1,0,0,0,1,4,5,13,3.83
1,1,1,1,1,1,1,0,0,4,3,10,9.35
0,0,0,0,0,0,0,0,0,2,4,1,5.96
1,0,0,0,0,1,0,0,1,1,3,5,2.85
1,0,0,1,0,0,0,0,0,1,3,5,6.88
1,0,0,1,0,0,0,0,1,1,3,5,7.28
0,0,0,0,0,0,0,0,1,2,4,1,6.0
1,0,0,0,1,0,0,0,0,1,3,5,3.81
1,1,1,1,1,0,1,0,0,2,5,5,12.69
0,0,0,1,0,0,0,0,0,4,5,13,7.96
0,1,0,1,0,1,1,0,0,1,2,11,17.79
0,0,0,0,0,0,0,0,0,2,1,1,5.66
0,1,0,1,0,1,1,0,1,1,2,11,17.46
0,1,0,1,1,1,0,0,0,1,2,3,2.81
1,1,1,1,1,0,1,0,1,2,5,5,12.91
0,0,0,1,0,0,0,0,1,4,5,13,8.01
1,1,1,1,1,1,1,0,1,4,3,10,8.55
1,0,0,0,1,1,0,0,0,3,2,12,1.93
0,0,0,1,0,0,0,0,0,4,2,13,7.54
0,0,0,1,1,1,1,0,0,1,5,3,11.53
0,1,1,1,1,1,1,0,0,2,5,15,12.93
1,1,0,1,1,0,1,1,0,3,4,2,22.98
0,0,0,1,0,0,0,0,1,4,2,13,7.6
1,0,0,0,1,0,0,0,1,1,3,5,3.81
1,1,1,0,1,0,1,0,0,1,5,3,4.06
1,1,0,1,1,0,1,1,1,3,4,2,22.48
0,0,0,1,0,0,0,0,0,4,3,13,7.31
1,0,1,1,1,0,1,1,0,3,1,2,22.93
0,0,0,0,0,0,0,0,1,2,1,1,6.1
0,0,0,0,0,0,0,0,0,2,2,1,5.12
0,1,0,0,0,0,1,0,0,1,3,5,5.5
1,0,1,1,1,0,1,1,1,3,1,2,23.12
0,0,0,1,1,1,1,0,1,1,5,3,10.92
0,0,0,1,0,0,0,0,1,4,3,13,7.34
1,1,0,1,1,0,1,1,0,3,1,2,21.3
0,0,0,0,0,0,0,0,1,2,2,1,5.51
1,1,0,1,1,0,1,1,1,3,1,2,23.64
1,1,1,1,1,1,1,0,0,4,3,2,8.32
0,0,0,0,0,0,0,0,0,1,4,1,5.7
1,0,0,0,1,1,0,0,1,3,2,12,2.08
0,0,0,1,0,0,0,0,0,4,1,13,8.06
0,0,0,0,0,0,0,0,1,1,4,1,6.0
0,0,0,1,1,1,1,0,0,1,5,11,11.26
0,0,0,1,1,0,1,0,1,3,2,15,13.55
1,1,1,1,1,1,1,0,1,4,3,2,9.02
0,1,0,0,0,0,1,0,1,1,3,5,5.5
1,0,0,1,0,0,1,0,0,3,2,15,16.74
0,0,0,1,1,1,1,0,1,1,5,11,11.4
1,1,1,1,1,1,1,0,0,4,3,13,8.82
1,0,1,1,1,0,1,1,0,3,4,2,26.39
1,1,1,1,1,1,1,0,1,4,3,13,9.36
1,1,1,0,1,0,1,0,1,1,5,3,3.76
1,0,1,1,1,0,1,1,1,3,4,2,25.26
0,0,0,1,1,1,1,0,0,1,2,3,13.81
0,0,0,1,1,1,0,0,0,3,2,15,2.66
0,0,0,0,0,0,0,0,0,3,4,1,5.94
0,0,0,0,0,0,0,0,1,3,4,1,5.98
0,0,0,0,0,0,0,0,0,1,2,1,5.48
1,1,1,1,0,0,1,1,0,3,3,2,14.55
1,1,1,1,0,0,1,1,1,3,3,2,14.1
1,1,1,1,1,1,1,0,0,4,2,10,12.79
1,1,1,1,1,1,1,0,1,4,2,10,13.28
0,0,0,1,1,1,1,0,1,1,2,3,13.27
0,1,1,1,1,0,1,1,0,3,4,2,27.15
0,0,1,1,1,1,1,0,0,4,5,3,13.17
1,1,1,1,1,1,1,0,0,4,2,13,13.06
0,0,0,1,0,0,0,0,1,4,1,13,8.08
0,0,1,1,1,1,1,0,1,4,5,3,12.81
0,0,0,1,1,1,1,0,0,1,2,11,11.68
0,0,0,1,0,0,0,0,0,4,4,13,8.56
0,1,0,0,0,1,0,0,0,1,3,5,2.83
0,1,1,1,0,1,1,0,0,4,5,3,43.44
0,1,0,0,0,1,0,0,1,1,3,5,2.85
0,1,1,1,1,0,1,1,1,3,4,2,26.16
0,1,1,1,0,1,1,0,1,4,5,3,43.15
0,0,0,1,1,1,1,0,1,1,2,11,12.92
0,1,1,0,1,1,1,0,0,1,5,3,4.1
0,1,1,1,1,0,1,1,0,3,5,2,12.69
1,0,0,1,0,1,0,0,0,3,2,15,4.04
0,1,1,1,1,0,1,1,1,3,5,2,12.87
0,1,0,1,1,1,0,0,0,1,5,3,2.74
0,1,0,1,1,1,0,0,1,1,5,3,2.58
0,0,0,0,0,0,0,0,1,1,2,1,5.11
0,0,0,1,1,1,0,0,1,3,2,15,2.82
0,1,0,1,0,0,0,0,0,1,3,5,7.24
0,1,0,1,1,1,0,0,0,1,5,11,2.71
1,1,1,1,1,1,1,0,1,4,2,13,12.99
1,1,1,1,1,1,1,0,0,4,2,4,11.69
1,1,1,1,1,1,1,0,1,4,2,4,13.23
0,1,1,0,1,1,1,0,1,1,5,3,4.11
1,0,0,1,0,1,0,0,1,3,2,15,4.32
0,1,0,1,1,1,0,0,1,1,5,11,2.7
0,1,0,1,0,0,0,0,1,1,3,5,6.86
1,1,0,1,1,0,1,1,0,3,5,2,11.59
1,0,0,1,0,0,1,0,1,3,2,15,17.24
0,0,0,0,0,0,0,0,0,3,2,1,5.47
0,1,1,1,1,0,1,0,0,1,5,3,12.75
0,1,1,1,1,0,1,0,1,1,5,3,12.6
0,1,0,0,1,0,0,0,0,1,3,5,4.11
0,0,0,1,0,0,0,0,1,4,4,13,8.43
1,0,0,1,0,1,0,0,0,3,2,7,4.3
0,1,0,0,1,0,0,0,1,1,3,5,4.11
0,0,0,0,0,0,0,0,1,3,2,1,5.12
0,1,1,1,1,1,0,0,0,1,5,3,2.77
0,0,0,0,0,0,0,1,0,4,4,13,6.08
0,1,0,1,1,1,0,0,1,1,2,3,2.81
0,0,0,0,0,0,0,1,1,4,4,13,6.14
1,0,0,1,0,1,0,0,1,3,2,7,4.3
1,0,0,1,0,0,1,0,0,3,2,7,17.44
0,0,0,0,0,1,0,0,0,4,4,13,3.16
1,1,0,0,0,0,0,0,0,1,3,5,5.46
1,1,1,1,1,1,1,0,0,4,2,2,11.62
1,1,0,1,1,0,1,1,1,3,5,2,11.41
0,0,0,0,0,0,0,0,0,4,2,1,5.58
1,1,0,0,0,0,0,0,1,1,3,5,5.11
0,0,0,1,1,1,1,0,0,1,5,12,11.3
1,0,1,1,1,0,1,1,0,3,5,2,13.09
1,1,1,1,1,1,1,0,1,4,2,2,13.8
0,0,0,0,0,0,0,0,1,4,2,1,5.58
1,0,1,1,1,0,1,1,1,3,5,2,12.7
0,0,1,0,0,0,1,0,0,1,3,5,5.5
0,1,0,1,1,1,0,0,0,1,2,11,2.83
1,0,0,1,0,0,1,0,1,3,2,7,17.51
1,1,1,1,0,0,1,1,0,3,5,2,42.2
0,1,0,1,1,1,0,0,1,1,2,11,2.8
1,1,1,1,1,1,1,0,0,4,2,5,13.04
1,1,1,1,0,0,1,1,1,3,5,2,40.74
0,1,0,0,0,1,1,0,0,3,2,15,5.53
1,1,1,1,1,1,1,0,1,4,2,5,13.65
0,0,0,0,0,0,0,0,0,4,4,1,5.77
0,1,1,1,1,1,0,0,1,1,5,3,2.7
1,0,1,1,1,0,1,1,0,4,5,2,12.76
1,1,1,0,1,1,0,0,0,1,5,3,2.12
0,0,0,1,1,1,1,0,1,1,5,12,11.27
1,1,1,1,1,1,1,0,0,4,3,5,8.34
1,0,1,1,1,0,1,1,1,4,5,2,12.75
0,0,1,0,0,0,1,0,1,1,3,5,5.49
0,0,1,0,0,1,0,0,0,1,3,5,2.84
0,0,0,1,1,1,1,0,0,1,5,6,11.23
0,0,0,0,0,1,0,0,1,4,4,13,3.02
0,0,1,0,0,1,0,0,1,1,3,5,2.85
1,1,1,1,1,1,1,0,1,4,3,5,8.97
1,1,1,0,1,1,0,0,1,1,5,3,2.13
0,0,0,0,1,0,0,0,0,4,4,13,3.97
0,0,0,0,1,0,0,0,1,4,4,13,3.98
1,0,0,0,0,0,0,0,0,4,4,13,5.8
0,0,0,0,0,0,0,0,1,4,4,1,6.07
1,1,1,1,1,0,0,0,0,1,5,3,5.4
1,0,1,1,1,0,1,1,0,4,3,2,8.18
1,1,1,1,1,0,0,0,1,1,5,3,5.57
0,0,0,1,1,1,1,0,1,1,5,6,11.45
0,0,0,1,1,1,1,0,0,1,5,2,11.11
0,0,1,1,0,0,0,0,0,1,3,5,7.25
0,0,1,1,0,0,0,0,1,1,3,5,7.28
0,1,0,0,0,1,1,0,1,3,2,15,5.55
1,0,0,0,0,0,0,0,1,4,4,13,6.12
0,0,0,1,1,1,1,0,1,1,5,2,11.34
0,0,0,0,0,0,0,0,0,4,1,1,6.14
0,0,0,0,0,0,0,0,1,4,1,1,6.16
1,0,1,1,1,0,1,1,1,4,3,2,8.78
0,1,0,0,0,1,1,0,0,3,2,7,5.53
0,0,0,0,0,1,1,0,0,1,3,7,5.12
0,0,0,1,1,1,1,0,0,1,2,12,12.92
0,0,0,0,0,0,1,0,0,4,4,13,6.12
0,1,0,0,0,1,1,0,1,3,2,7,5.53
0,0,0,0,0,0,1,0,1,4,4,13,6.19
0,0,1,0,0,0,0,0,0,4,4,13,7.01
0,0,0,0,0,1,1,0,1,1,3,7,5.49
1,1,1,1,0,1,0,0,0,1,5,3,5.43
1,1,1,1,0,1,0,0,1,1,5,3,5.45
0,0,0,1,1,1,1,0,1,1,2,12,13.58
1,1,1,0,1,1,0,0,0,1,5,15,2.13
1,0,1,1,1,0,1,1,0,4,4,2,26.74
0,0,0,0,0,0,0,0,0,4,1,13,5.75
0,1,0,1,0,1,0,0,0,3,2,15,4.31
0,0,0,0,0,0,0,0,1,4,1,13,6.19
0,0,0,1,1,1,1,0,0,1,2,6,13.79
0,0,0,0,0,1,1,0,0,1,3,15,5.5
0,1,0,1,0,1,0,0,1,3,2,15,4.32
1,1,1,0,1,1,0,0,1,1,5,15,2.13
0,0,1,0,0,0,0,0,1,4,4,13,7.04
0,0,0,0,1,0,0,0,0,2,4,13,3.62
0,0,0,1,1,1,1,0,1,1,2,6,12.91
0,0,0,1,1,1,1,0,0,1,2,2,12.53
0,0,0,0,0,0,0,0,0,4,1,14,6.19
0,0,0,0,0,1,1,0,1,1,3,15,5.5
0,0,0,0,1,0,0,0,1,2,4,13,3.91
1,0,1,1,1,0,1,1,1,4,4,2,26.01
1,1,1,1,1,1,1,0,0,4,1,9,23.54
0,1,0,1,0,0,1,0,0,3,2,15,17.43
1,1,1,1,0,0,1,1,0,4,3,2,14.61
0,0,0,0,0,0,0,0,1,4,1,14,5.79
0,0,1,0,0,0,0,0,0,2,4,13,6.93
1,1,1,1,1,0,1,1,0,4,2,11,11.47
0,0,0,0,0,0,0,0,0,4,1,9,6.19
1,1,1,1,1,1,1,0,0,2,4,13,26.59
1,1,1,0,1,1,0,0,0,1,5,7,2.13
0,0,0,1,0,0,1,0,0,1,3,7,15.05
0,0,0,1,0,0,1,0,1,1,3,7,14.28
0,0,0,1,1,1,1,0,1,1,2,2,13.38
1,1,1,1,0,0,1,1,1,4,3,2,14.64
0,1,0,1,0,0,1,0,1,3,2,15,17.13
0,0,0,1,0,0,1,0,0,1,3,15,13.79
0,0,0,1,0,0,1,0,1,1,3,15,14.23
0,0,0,1,0,1,0,0,0,1,3,7,3.97
0,0,0,0,0,0,0,0,1,4,1,9,6.23
1,1,1,0,1,1,0,0,1,1,5,7,2.12
0,0,0,1,0,1,0,0,1,1,3,7,3.98
1,1,1,1,1,1,1,0,1,2,4,13,24.21
0,0,0,0,0,0,0,0,0,4,1,6,6.14
0,1,0,1,1,0,1,0,0,1,2,15,11.48
1,1,1,1,1,0,0,0,0,1,5,15,5.88
0,0,1,0,0,0,0,0,1,2,4,13,7.01
1,1,1,1,1,0,0,0,1,1,5,15,5.41
0,0,0,0,0,0,0,0,1,4,1,6,6.18
0,0,0,1,0,0,1,0,0,1,3,8,14.25
0,1,0,1,0,1,0,0,0,3,2,7,4.31
0,1,1,1,1,0,1,1,0,4,3,2,8.96
0,1,1,1,1,0,1,1,1,4,3,2,8.02
0,0,0,0,0,0,0,0,0,4,1,10,6.17
0,1,1,1,1,0,1,1,0,4,4,2,26.99
0,1,0,1,1,0,1,0,1,1,2,15,13.53
1,1,1,1,1,0,1,1,0,2,4,7,26.79
0,1,0,1,0,1,0,0,1,3,2,7,4.29
0,1,0,1,0,0,1,0,0,3,2,7,16.81
1,1,1,1,1,0,1,1,1,2,4,7,26.47
0,1,0,1,0,0,1,0,1,3,2,7,17.77
0,0,0,0,0,0,0,0,1,4,1,10,6.19
0,1,1,1,1,0,1,1,1,4,4,2,26.82
0,0,1,0,0,1,1,0,0,3,2,7,5.52
0,0,0,0,1,0,0,0,0,3,4,13,3.6
1,1,1,1,0,0,1,1,0,4,4,2,63.6
0,0,0,1,0,0,1,0,1,1,3,8,13.91
0,0,0,0,0,0,0,0,0,1,1,10,6.08
1,1,1,1,0,0,1,1,1,4,4,2,64.99
0,0,0,0,1,0,0,0,1,3,4,13,3.9
1,0,1,1,1,0,1,1,0,3,3,2,8.84
0,1,0,0,1,1,1,0,0,1,2,15,3.74
0,0,0,1,0,0,1,0,0,1,3,11,14.26
0,0,1,0,0,1,1,0,1,3,2,7,5.53
0,1,0,0,1,1,1,0,1,1,2,15,4.04
1,1,1,1,1,0,0,0,0,1,5,7,5.53
0,1,0,1,1,0,1,0,0,1,2,7,13.08
1,0,1,1,1,0,1,1,1,3,3,2,8.94
0,0,0,1,0,0,1,0,1,1,3,11,14.01
1,1,1,1,0,0,1,1,0,3,4,2,63.25
0,0,1,0,0,0,0,0,0,3,4,13,6.96
0,0,0,1,0,1,0,0,0,1,3,11,3.98
1,1,1,1,0,0,1,1,1,3,4,2,57.93
1,1,1,1,1,0,1,1,0,2,4,15,26.55
1,1,1,1,1,0,0,0,1,1,5,7,5.51
0,0,0,0,0,0,0,0,1,1,1,10,6.08
1,1,1,1,1,0,1,1,1,2,4,15,26.78
1,1,1,1,1,0,0,0,0,1,5,11,5.38
0,0,1,1,0,1,0,0,0,3,2,7,4.3
1,1,1,1,1,0,0,0,1,1,5,11,5.54
0,0,1,1,0,1,0,0,1,3,2,7,4.31
0,0,0,1,0,1,0,0,1,1,3,11,3.99
0,1,1,1,1,0,1,1,0,3,3,2,8.81
0,0,0,0,0,0,0,0,0,3,1,10,6.06
0,1,1,1,1,0,1,1,1,3,3,2,7.91
0,0,0,0,0,0,0,0,1,3,1,10,5.66
0,0,0,0,0,0,0,0,0,2,1,10,6.09
0,0,0,0,0,0,0,0,1,2,1,10,6.1
1,1,1,1,1,0,0,1,0,4,3,2,5.58
1,1,1,1,1,1,1,0,0,2,4,12,26.68
0,0,0,1,0,1,0,0,0,1,3,8,3.98
0,1,0,1,1,0,1,0,1,1,2,7,13.5
0,0,0,0,0,0,0,0,0,1,1,14,6.1
1,1,1,1,1,1,1,0,1,2,4,12,26.43
0,1,0,0,1,1,1,0,0,1,2,7,4.02
0,0,1,0,0,0,0,0,1,3,4,13,6.98
0,0,0,1,0,1,0,0,1,1,3,8,3.99
0,1,0,0,0,0,0,0,0,2,4,13,5.74
0,0,0,1,0,1,0,0,0,1,3,3,3.97
0,1,0,0,1,1,1,0,1,1,2,7,4.02
0,1,0,0,0,0,0,0,1,2,4,13,6.04
0,0,1,1,0,0,1,0,0,3,2,7,16.39
1,1,1,0,1,1,0,0,0,1,5,11,1.96
0,1,0,0,0,0,0,0,0,3,4,13,5.98
1,1,1,0,1,1,0,0,1,1,5,11,2.12
0,1,0,0,0,0,0,0,1,3,4,13,5.73
0,0,0,1,0,1,0,0,1,1,3,3,3.98
1,1,1,1,1,0,0,1,1,4,3,2,5.38
0,1,0,1,0,1,1,0,0,1,2,12,17.41
0,0,0,0,0,1,0,0,0,2,4,13,3.12
0,0,0,0,0,0,0,0,1,1,1,14,5.71
1,1,1,0,1,0,1,1,0,4,3,2,4.2
1,1,1,1,1,1,1,0,0,2,4,9,26.76
0,0,0,1,0,0,1,0,0,1,3,3,14.58
1,1,1,0,1,1,0,0,0,1,5,8,2.11
0,0,0,0,0,1,0,0,1,2,4,13,3.12
0,0,0,1,0,0,1,0,1,1,3,3,14.56
0,0,0,0,0,0,0,0,0,3,1,14,5.68
0,0,0,0,0,0,0,0,1,3,1,14,6.12
1,1,1,0,1,1,0,0,1,1,5,8,2.13
0,0,1,1,0,0,1,0,1,3,2,7,17.75
0,1,0,1,0,1,1,0,1,1,2,12,17.15
1,0,0,0,0,0,0,0,0,2,4,13,6.01
1,1,1,1,1,0,0,0,0,1,5,8,5.55
0,0,0,0,0,0,0,0,0,1,1,9,6.11
0,1,0,1,0,1,1,0,0,1,2,6,16.75
0,0,0,0,0,0,0,0,1,1,1,9,5.73
1,1,1,0,1,0,1,1,1,4,3,2,4.21
1,1,1,0,0,0,0,0,0,3,2,7,5.5
0,0,0,1,0,1,0,0,0,1,3,15,4.0
0,1,0,1,0,1,1,0,1,1,2,6,17.71
1,1,1,0,0,0,0,0,1,3,2,7,5.49
0,0,0,1,0,1,0,0,1,1,3,15,3.99
0,1,0,1,0,1,1,0,0,1,2,2,18.16
0,0,0,0,0,1,1,0,0,1,3,8,5.12
0,1,0,1,0,1,1,0,1,1,2,2,17.07
0,0,0,0,0,0,0,0,0,3,1,9,6.09
0,0,0,0,0,0,0,0,1,3,1,9,6.11
1,1,1,1,1,0,0,0,1,1,5,8,5.57
1,1,1,1,1,1,1,0,1,2,4,9,27.0
0,1,0,1,0,0,1,1,0,1,2,15,17.94
0,0,0,0,0,1,1,0,1,1,3,8,5.49
0,0,0,0,0,1,1,0,0,1,3,11,5.49
0,1,0,1,0,0,1,1,1,1,2,15,17.55
0,0,0,0,0,1,1,0,1,1,3,11,5.5
1,1,0,1,1,0,1,1,0,4,3,2,8.39
1,1,0,0,0,0,1,0,0,3,2,7,5.53
1,1,1,1,0,1,0,0,0,1,5,8,5.28
0,0,0,0,0,0,0,0,0,1,1,6,6.07
1,1,1,1,1,1,1,0,0,2,4,4,26.78
0,0,0,0,0,0,0,0,1,1,1,6,6.07
0,1,0,0,1,0,1,1,0,1,2,3,4.0
1,1,0,0,0,0,1,0,1,3,2,7,5.53
0,1,0,0,1,0,1,1,1,1,2,3,3.69
1,1,1,1,1,1,1,0,1,2,4,4,26.59
1,1,0,0,0,1,0,0,0,3,2,7,2.86
1,1,0,0,0,1,0,0,1,3,2,7,2.86
0,1,0,0,1,0,1,1,0,1,2,11,3.99
0,0,0,0,0,0,0,0,0,3,1,6,6.07
1,1,0,1,1,0,1,1,1,4,3,2,8.94
1,1,1,1,1,1,1,0,0,2,4,2,26.43
1,1,1,1,0,1,0,0,1,1,5,8,5.45
1,0,1,0,0,0,1,0,0,3,2,7,5.53
1,1,1,1,0,1,0,0,0,1,5,15,5.46
1,0,0,0,0,0,0,0,1,2,4,13,6.04
0,1,0,0,1,0,1,1,1,1,2,11,3.71
1,1,1,1,1,1,1,0,1,2,4,2,26.91
0,0,0,1,1,0,1,1,0,1,2,15,13.75
1,0,1,0,0,0,1,0,1,3,2,7,5.54
0,0,0,0,0,1,1,0,0,1,3,3,5.47
0,0,0,0,0,1,1,0,1,1,3,3,5.12
0,0,0,0,1,0,1,0,0,1,3,12,4.13
1,1,0,1,1,0,1,1,0,4,5,2,11.51
0,0,0,0,1,0,1,0,1,1,3,12,3.82
1,1,0,1,1,0,1,1,1,4,5,2,11.64
1,1,1,1,0,0,1,1,0,4,5,2,42.65
0,0,0,0,1,1,0,0,0,1,3,12,2.15
0,0,0,0,0,0,0,0,1,3,1,6,6.07
0,0,0,0,1,1,0,0,1,1,3,12,2.16
0,0,0,1,0,0,0,0,0,2,4,13,8.09
1,1,1,1,0,0,1,1,1,4,5,2,43.13
1,1,1,1,0,1,0,0,1,1,5,15,5.46
1,0,0,0,1,0,0,0,0,1,3,3,4.1
0,1,1,1,1,0,1,1,0,4,5,2,12.98
0,1,1,0,0,0,1,0,0,3,2,7,5.15
1,1,1,1,0,1,0,0,0,1,5,7,5.26
0,0,0,0,0,0,0,0,0,2,1,12,6.11
0,0,0,0,0,0,0,0,1,2,1,12,6.13
1,1,1,1,0,1,0,0,1,1,5,7,5.44
1,1,1,1,0,1,0,0,0,1,5,11,5.43
1,1,1,1,1,1,1,0,0,2,4,10,26.5
0,1,1,1,1,0,1,1,1,4,5,2,12.67
1,1,1,1,0,1,0,0,1,1,5,11,5.29
0,0,0,1,0,0,0,0,1,2,4,13,8.14
1,1,0,1,1,0,1,1,0,4,4,2,22.57
0,0,0,0,0,1,0,0,0,3,4,13,3.1
0,1,1,0,0,0,1,0,1,3,2,7,5.15
0,1,1,0,0,1,0,0,0,3,2,7,2.85
1,1,1,1,0,1,0,0,0,1,5,12,5.44
1,1,0,1,1,0,1,1,1,4,4,2,22.61
0,1,1,0,0,1,0,0,1,3,2,7,2.87
1,1,0,1,1,0,1,1,0,3,3,2,8.06
0,0,0,0,0,1,0,0,1,3,4,13,3.11
1,0,1,0,0,1,0,0,0,3,2,7,2.85
1,0,1,0,0,1,0,0,1,3,2,7,2.86
1,0,0,0,0,1,1,0,0,3,2,4,5.15
1,1,0,1,1,0,1,1,1,3,3,2,8.94
0,0,0,1,0,0,0,0,0,3,4,13,8.02
1,1,1,1,1,1,1,0,1,2,4,10,26.66
1,0,0,0,0,1,1,0,1,3,2,4,5.55
0,0,0,0,0,0,0,0,0,2,1,14,6.1
0,0,0,1,1,0,1,1,1,1,2,15,13.49
1,1,1,1,0,1,0,0,1,1,5,12,5.44
0,0,0,0,0,0,0,0,1,2,1,14,5.71
1,1,1,0,1,1,0,0,0,1,5,12,2.13
1,1,1,0,1,1,0,0,1,1,5,12,1.97
1,0,0,0,1,0,0,0,1,1,3,3,4.1
1,0,1,1,1,0,1,1,0,2,3,2,8.68
1,1,1,1,1,1,1,0,0,2,4,6,26.58
1,0,1,1,1,0,1,1,1,2,3,2,8.13
0,1,0,0,1,0,1,1,0,1,2,12,4.01
0,1,0,0,1,0,1,1,1,1,2,12,3.71
1,0,0,0,1,0,0,0,0,1,3,8,4.1
0,0,0,0,0,0,0,0,0,2,1,9,6.11
1,0,1,1,1,0,1,1,0,2,5,2,12.66
1,1,1,1,1,1,1,0,1,2,4,6,26.72
1,0,0,0,0,1,1,0,0,3,2,2,5.13
1,1,1,1,1,0,0,0,0,1,5,12,5.55
1,0,0,0,1,0,0,0,1,1,3,8,4.11
0,1,0,1,0,0,1,1,0,1,2,7,18.17
1,1,1,1,1,0,0,0,1,1,5,12,5.3
0,0,0,0,0,0,0,0,1,2,1,9,6.13
1,1,1,1,1,1,1,0,0,1,4,4,26.19
0,1,0,1,0,0,1,1,1,1,2,7,17.14
1,0,1,1,1,0,1,1,1,2,5,2,12.68
1,1,1,0,0,1,1,0,0,1,5,15,6.54
1,1,1,1,1,1,1,0,1,1,4,4,26.96
1,1,1,1,1,1,1,0,0,1,4,10,27.16
1,0,0,0,0,0,1,0,0,1,3,12,5.49
1,0,0,0,0,1,1,0,1,3,2,2,5.15
0,0,0,1,1,0,1,1,0,1,2,7,13.39
1,0,0,0,0,0,1,0,1,1,3,12,5.51
0,0,0,1,1,0,1,1,1,1,2,7,13.37
0,0,0,1,0,0,0,0,1,3,4,13,8.47
1,1,1,1,1,1,1,0,1,1,4,10,26.7
1,0,1,0,0,0,1,0,0,3,2,15,5.54
1,1,1,1,1,1,1,0,0,1,4,12,26.71
0,1,0,0,1,0,1,1,0,1,2,6,3.68
1,0,1,0,0,0,1,0,1,3,2,15,5.54
0,0,0,0,0,0,0,0,0,2,1,6,5.67
1,0,1,0,0,1,0,0,0,3,2,15,2.86
0,0,0,0,0,0,0,0,1,2,1,6,6.09
0,1,0,0,1,0,1,1,1,1,2,6,3.99
1,0,1,1,1,0,1,1,0,2,4,2,27.1
1,0,1,1,1,0,1,1,1,2,4,2,26.73
1,0,1,0,0,1,0,0,1,3,2,15,2.86
0,0,0,0,0,0,0,0,0,3,1,13,6.07
1,1,0,1,1,0,1,1,0,2,3,2,9.06
1,1,0,1,1,0,1,1,1,2,3,2,8.49
1,1,1,0,0,1,1,0,1,1,5,15,6.54
0,0,1,0,0,1,1,0,0,3,2,13,5.54
1,1,1,1,1,1,1,0,1,1,4,12,26.88
0,0,0,0,0,0,1,0,0,3,4,13,6.07
1,1,1,1,0,0,1,1,0,2,3,2,14.44
0,1,0,0,1,0,1,1,0,1,2,2,3.98
0,1,0,0,1,0,1,1,1,1,2,2,3.69
1,1,1,0,0,1,1,0,0,1,5,7,6.48
1,1,1,1,0,0,1,1,1,2,3,2,14.25
0,1,1,1,1,0,1,1,0,2,3,2,9.24
1,0,0,0,0,1,0,0,0,1,3,12,2.66
1,1,1,0,0,1,1,0,1,1,5,7,6.51
1,1,1,0,0,1,1,0,0,1,5,11,6.51
1,0,0,0,0,1,0,0,1,1,3,12,2.86
0,1,0,0,1,1,1,0,0,1,5,15,4.1
0,1,0,0,1,0,0,0,0,1,3,3,4.12
1,1,1,1,1,1,1,0,0,1,4,9,24.14
0,0,0,0,0,0,1,0,1,3,4,13,6.08
0,1,0,0,1,0,0,0,1,1,3,3,4.11
0,0,1,0,0,1,1,0,1,3,2,13,5.54
0,0,0,0,0,0,1,0,0,2,4,13,6.07
1,1,1,0,0,1,1,0,1,1,5,11,6.54
1,1,1,1,0,0,1,0,0,1,5,11,43.24
0,0,1,0,0,1,1,0,0,3,2,4,5.54
0,0,1,0,0,1,1,0,1,3,2,4,5.54
0,1,1,1,1,0,1,1,1,2,3,2,7.87
1,1,1,1,1,1,1,0,1,1,4,9,26.18
1,1,1,1,1,1,1,0,0,1,4,2,26.73
0,0,0,0,0,0,0,0,1,3,1,13,6.09
0,1,0,0,1,1,1,0,1,1,5,15,4.1
0,0,1,0,0,1,1,0,0,3,2,2,5.53
0,0,1,0,0,1,1,0,1,3,2,2,5.54
1,1,1,1,0,0,1,0,1,1,5,11,42.46
0,0,1,0,1,0,1,0,0,3,2,15,3.99
0,0,1,0,1,0,1,0,1,3,2,15,3.99
1,1,1,1,1,1,1,0,1,1,4,2,26.45
1,1,0,1,1,0,1,1,0,2,5,2,11.13
0,0,0,0,0,0,0,0,0,2,1,13,6.09
1,1,0,0,0,0,0,0,0,1,3,3,5.44
1,1,0,1,1,0,1,1,1,2,5,2,11.16
0,0,1,0,1,1,0,0,0,3,2,15,2.08
1,1,1,1,0,0,1,0,0,1,5,15,42.87
0,0,0,0,0,0,1,0,1,2,4,13,6.1
1,1,1,1,0,0,1,0,1,1,5,15,41.93
1,1,1,1,1,0,1,1,0,1,4,7,26.74
0,0,1,0,1,1,0,0,1,3,2,15,2.09
1,1,0,0,0,0,0,0,1,1,3,3,5.44
0,1,1,1,1,0,1,1,0,2,5,2,12.88
1,1,1,1,0,0,1,0,0,1,5,7,42.53
1,0,1,0,1,0,0,0,0,3,2,13,3.97
1,1,1,1,1,0,1,1,1,1,4,7,25.51
0,1,0,0,0,0,1,0,0,1,3,12,5.48
0,1,1,1,1,0,1,1,1,2,5,2,12.98
1,1,1,1,0,0,1,0,1,1,5,7,43.2
1,1,1,1,1,0,1,1,0,1,4,15,26.77
0,1,0,0,0,0,1,0,1,1,3,12,5.5
0,0,0,0,0,0,0,0,1,2,1,13,6.1
0,1,0,1,1,0,1,0,0,1,5,15,11.19
0,0,0,0,0,0,0,0,0,1,1,1,6.08
1,0,0,0,0,0,0,0,0,3,4,13,5.71
1,0,1,0,1,0,0,0,1,3,2,13,3.98
0,0,0,0,0,0,0,0,0,1,3,12,5.45
1,1,1,1,0,0,1,1,0,2,5,2,43.87
0,0,0,0,0,0,0,0,1,1,3,12,5.48
0,0,0,0,0,0,0,0,0,1,2,12,5.15
1,0,0,0,0,0,0,0,1,3,4,13,6.02
0,1,0,0,0,1,0,0,0,1,3,12,2.85
1,1,1,1,1,0,1,1,1,1,4,15,26.83
1,1,1,1,1,1,1,0,0,3,4,12,26.71
0,1,0,1,1,0,1,0,1,1,5,15,11.15
1,1,1,1,0,0,1,1,1,2,5,2,42.9
0,1,0,0,1,1,1,0,0,1,5,7,4.08
0,1,0,0,0,1,0,0,1,1,3,12,2.84
0,0,0,0,0,0,0,0,0,3,3,12,5.08
0,0,0,0,1,0,0,0,0,2,3,13,4.13
0,0,0,0,0,0,0,0,1,3,3,12,5.46
0,0,0,0,0,0,0,0,0,4,3,12,5.54
1,1,1,0,1,0,1,0,0,1,5,15,4.07
1,1,0,1,1,0,1,1,0,2,4,2,22.61
0,0,1,0,1,0,0,0,0,1,3,3,4.09
1,1,0,1,1,0,1,1,1,2,4,2,21.07
1,1,1,0,1,0,1,0,1,1,5,15,4.08
0,1,0,0,1,1,1,0,1,1,5,7,4.11
1,0,1,0,1,0,0,0,0,3,2,4,3.97
0,0,0,0,0,0,0,0,1,1,2,12,5.53
1,1,1,1,0,0,1,1,0,2,4,2,63.06
0,0,1,0,1,0,0,0,1,1,3,3,4.1
0,0,0,0,1,0,0,0,1,2,3,13,4.12
1,0,1,0,1,0,0,0,1,3,2,4,3.96
1,0,1,0,1,0,0,0,0,3,2,2,3.98
0,0,0,0,1,0,0,0,0,2,2,13,3.98
0,1,0,1,1,0,1,0,0,1,5,7,11.48
0,1,0,1,1,0,1,0,1,1,5,7,11.26
0,1,0,1,0,1,1,0,0,1,5,12,27.35
1,1,1,0,1,0,1,0,0,1,5,7,4.06
0,0,0,0,0,0,0,0,0,3,2,12,5.51
0,0,0,0,1,0,0,0,1,2,2,13,3.98
0,0,0,0,0,0,0,0,1,3,2,12,5.52
1,1,1,1,1,1,1,0,1,3,4,12,26.76
1,1,1,1,1,1,1,0,0,3,4,4,26.41
1,1,1,1,0,0,1,1,1,2,4,2,59.63
0,0,0,0,1,0,0,0,0,2,1,13,4.71
1,0,1,0,0,0,0,0,0,1,3,3,5.46
1,1,1,1,1,1,1,0,1,3,4,4,27.09
1,0,1,0,0,0,0,0,1,1,3,3,5.44
0,1,0,1,0,1,1,0,1,1,5,12,27.71
1,1,1,0,1,0,1,0,1,1,5,7,4.06
1,1,1,0,1,0,1,0,0,1,5,11,4.08
0,1,1,1,1,0,1,1,0,2,4,2,26.69
1,1,1,1,1,1,1,0,0,3,4,10,26.49
0,1,1,0,0,0,0,0,0,1,3,3,5.43
0,1,0,1,0,1,1,0,0,1,5,6,27.73
1,1,1,0,1,0,1,0,1,1,5,11,3.75
0,1,1,1,1,0,1,1,1,2,4,2,24.06
0,0,0,0,0,0,0,0,0,1,3,14,5.46
1,1,1,0,1,0,1,0,0,1,5,8,4.07
0,1,1,0,0,0,0,0,1,1,3,3,5.46
1,1,1,0,1,0,1,0,1,1,5,8,4.09
0,1,0,1,0,1,1,0,1,1,5,6,27.42
1,1,1,1,1,1,1,0,1,3,4,10,26.52
0,1,0,1,0,1,1,0,0,1,5,2,27.46
1,1,1,1,1,1,1,0,0,3,4,9,26.41
0,0,0,0,1,0,0,0,1,2,1,13,4.72
0,0,0,0,1,0,0,0,0,2,5,13,4.07
1,1,1,1,1,1,1,0,1,3,4,9,26.81
0,0,0,0,1,0,0,0,1,2,5,13,4.04
0,0,0,0,1,0,0,0,0,4,3,13,4.19
1,1,1,0,1,0,1,0,0,1,5,12,3.76
0,1,0,1,0,1,1,0,1,1,5,2,27.53
1,0,1,1,1,0,1,1,0,1,3,2,8.86
1,1,1,0,1,0,1,0,1,1,5,12,4.06
1,0,1,0,1,0,0,0,1,3,2,2,3.96
1,0,1,1,1,0,1,1,1,1,3,2,8.39
0,1,0,1,0,0,1,1,0,1,5,15,27.24
0,0,0,0,1,0,0,0,1,4,3,13,4.19
0,0,0,0,0,1,0,0,0,2,3,13,2.84
1,0,1,1,1,0,1,1,0,1,5,2,12.92
1,1,1,1,1,1,1,0,0,3,4,2,26.52
1,1,1,0,0,1,1,0,0,1,5,12,6.24
0,0,0,0,0,1,0,0,1,2,3,13,2.83
0,0,1,0,0,1,0,0,0,1,3,12,2.84
1,0,1,1,1,0,1,1,1,1,5,2,13.04
0,1,0,1,0,0,1,1,1,1,5,15,27.38
0,0,1,0,1,0,1,0,0,3,2,7,3.98
0,0,1,0,0,1,0,0,1,1,3,12,2.86
0,0,1,0,1,0,1,0,1,3,2,7,3.98
1,1,1,1,1,1,1,0,1,3,4,2,26.8
0,0,1,0,1,1,0,0,0,3,2,7,2.07
0,0,1,0,0,0,1,0,0,1,3,12,5.49
0,0,1,0,1,1,0,0,1,3,2,7,2.08
0,0,0,0,0,0,0,0,1,1,3,14,5.46
0,0,1,0,0,0,1,0,1,1,3,12,5.13
0,0,0,0,0,0,0,0,0,1,4,14,6.02
0,0,0,1,0,0,0,0,0,2,3,13,7.26
1,1,1,0,0,1,1,0,1,1,5,12,6.28
0,0,0,0,0,0,0,0,1,1,4,14,6.07
1,1,1,1,0,0,1,0,0,1,5,12,43.29
1,0,1,1,1,0,1,1,0,1,4,2,26.94
0,0,0,0,0,0,0,0,0,3,3,14,5.43
1,0,1,0,0,1,0,0,0,3,2,3,2.85
0,0,0,1,1,0,1,1,0,1,5,15,10.91
0,0,0,0,0,0,0,0,1,3,3,14,5.44
0,0,0,0,0,0,0,0,0,3,4,14,6.0
1,1,1,1,0,0,1,0,1,1,5,12,43.28
0,0,0,0,0,0,0,0,1,3,4,14,6.04
0,0,0,0,0,0,0,0,0,1,2,14,5.5
0,0,0,1,0,0,0,0,1,2,3,13,6.87
0,0,0,0,0,0,0,0,1,1,2,14,5.53
1,1,1,0,0,1,1,0,0,1,5,8,6.51
0,0,0,0,0,1,0,0,0,2,2,13,2.86
1,0,1,0,0,1,0,0,1,3,2,3,2.85
1,0,1,1,1,0,1,1,1,1,4,2,26.88
1,0,1,0,0,0,1,0,0,3,2,3,5.52
1,1,0,1,1,0,1,1,0,1,3,2,8.99
0,0,0,1,1,0,1,1,1,1,5,15,11.02
1,1,0,1,1,0,1,1,1,1,3,2,8.9
1,1,1,0,0,1,1,0,1,1,5,8,6.52
0,0,0,0,0,0,0,0,0,3,2,14,5.5
0,0,0,0,0,1,0,0,1,2,2,13,2.87
1,1,1,1,0,0,1,0,0,1,5,8,43.1
0,0,0,0,0,0,0,0,1,3,2,14,5.14
0,1,1,1,1,0,1,1,0,1,3,2,8.32
1,0,1,0,0,0,1,0,1,3,2,3,5.15
0,0,0,0,0,1,1,0,0,1,5,3,5.87
0,0,0,1,0,0,0,0,0,2,2,13,7.5
0,0,0,1,0,0,0,0,1,2,2,13,7.5
0,0,0,0,0,0,0,0,0,1,3,9,5.45
0,0,0,0,0,0,0,0,1,1,3,9,5.11
0,0,0,0,0,1,0,0,0,2,1,13,3.16
0,1,1,1,1,0,1,1,1,1,3,2,8.4
1,1,1,1,0,0,1,1,0,1,3,2,14.6
0,0,0,0,0,1,0,0,1,2,1,13,3.18
0,0,1,0,1,1,0,0,0,3,2,3,2.07
1,1,1,1,1,0,1,1,0,3,4,7,26.43
1,1,1,1,1,0,1,1,1,3,4,7,26.47
0,0,1,0,1,1,0,0,1,3,2,3,2.08
1,1,1,1,0,0,1,0,1,1,5,8,42.55
1,1,1,1,1,0,1,1,0,3,4,15,26.4
1,0,1,0,1,0,0,0,0,3,2,12,3.97
0,1,0,0,1,0,1,1,0,1,5,3,4.04
1,1,1,1,1,0,1,1,1,3,4,15,26.25
0,1,1,1,1,1,0,0,0,1,5,15,2.77
0,0,0,0,0,1,1,0,1,1,5,3,5.6
1,1,1,1,1,1,1,0,0,1,4,13,27.0
0,1,1,1,1,1,0,0,1,1,5,15,2.73
1,0,1,0,1,0,0,0,1,3,2,12,3.97
0,0,0,0,0,0,0,0,0,3,4,10,5.98
0,0,0,0,0,1,1,0,0,1,2,3,5.53
0,0,0,0,0,1,1,0,1,1,2,3,5.53
0,0,0,0,0,0,0,0,0,1,3,2,5.43
1,0,0,0,0,1,0,0,0,1,5,5,3.03
1,0,0,0,0,1,0,0,1,1,5,5,2.91
1,1,1,1,0,0,1,1,1,1,3,2,14.27
0,0,0,1,0,0,0,0,0,2,1,13,7.43
0,0,0,0,0,0,0,0,1,1,3,2,5.46
0,0,0,1,0,0,0,0,1,2,1,13,7.37
0,1,0,0,1,0,1,1,1,1,5,3,4.06
1,1,0,1,1,0,1,1,0,1,5,2,11.3
0,0,1,0,0,1,1,0,0,3,2,12,5.54
0,0,0,0,0,1,0,0,0,2,5,13,3.01
0,1,0,0,1,0,1,1,0,1,5,11,4.06
0,0,0,0,0,0,0,0,0,1,3,4,5.44
0,0,0,0,0,0,0,0,1,1,3,4,5.46
0,0,0,0,0,0,0,0,1,1,4,4,6.03
1,1,0,1,1,0,1,1,1,1,5,2,11.13
0,1,1,1,1,0,1,1,0,1,5,2,12.64
1,0,0,0,0,0,1,0,0,1,5,5,5.9
0,0,0,0,0,0,0,0,0,1,1,4,6.08
0,1,1,1,1,0,1,1,1,1,5,2,12.47
0,1,0,0,1,0,1,1,1,1,5,11,4.06
0,0,0,0,0,1,0,0,1,2,5,13,3.02
0,0,0,1,1,0,1,1,0,1,5,7,11.36
0,0,0,0,0,0,0,0,1,1,1,4,6.11
1,0,0,0,0,0,1,0,1,1,5,5,5.92
0,1,1,1,1,1,0,0,0,1,5,7,2.73
0,0,1,0,0,1,1,0,1,3,2,12,5.57
1,0,0,0,0,1,0,0,0,1,2,5,2.87
0,1,1,1,1,1,0,0,1,1,5,7,2.72
1,1,1,1,0,0,1,1,0,1,5,2,42.98
0,0,0,1,0,0,0,0,0,2,5,13,7.79
1,1,1,1,1,1,1,0,1,1,4,13,27.08
1,1,1,1,0,0,1,1,1,1,5,2,43.11
0,1,1,0,1,1,1,0,0,1,5,15,4.12
0,0,1,0,1,0,1,0,0,3,2,3,3.99
1,1,1,1,1,1,1,0,0,3,4,13,26.36
0,0,0,1,0,0,0,0,1,2,5,13,7.81
1,1,1,1,1,1,1,0,1,3,4,13,26.77
0,0,0,0,0,1,0,0,0,4,1,13,3.21
1,1,1,1,1,1,1,0,0,1,4,6,26.39
0,1,1,0,1,1,1,0,1,1,5,15,4.13
1,1,0,1,1,0,1,1,0,1,4,2,22.71
1,1,1,1,1,1,1,0,1,1,4,6,26.79
1,1,0,1,1,0,1,1,1,1,4,2,22.42
1,0,0,0,0,1,0,0,1,1,2,5,2.68
1,1,1,1,1,1,1,0,0,3,4,6,26.55
1,1,1,1,1,1,1,0,1,3,4,6,27.07
0,1,1,0,1,1,1,0,0,1,5,7,4.1
1,1,1,1,0,0,1,1,0,1,4,2,64.0
0,0,0,0,0,0,0,0,0,1,3,5,5.09
1,1,1,1,1,0,1,1,0,3,4,6,26.22
0,0,0,1,1,0,1,1,1,1,5,7,11.12
0,1,0,1,0,0,1,1,0,1,5,7,27.63
1,0,0,0,0,0,1,0,0,1,2,5,5.56
1,0,0,0,0,0,1,0,1,1,2,5,5.57
0,1,0,1,0,0,1,1,1,1,5,7,26.9
0,0,0,0,0,0,0,0,0,3,3,2,5.42
0,0,0,0,0,0,0,0,1,3,3,2,5.43
1,1,1,1,0,0,1,1,1,1,4,2,63.3
0,0,1,0,1,0,1,0,1,3,2,3,3.69
0,1,0,0,1,0,1,1,0,1,5,12,4.07
0,1,1,1,1,0,1,1,0,1,4,2,26.3
0,1,0,0,1,0,1,1,1,1,5,12,3.78
0,0,1,0,0,0,1,1,0,3,2,3,5.51
0,1,1,0,1,1,1,0,1,1,5,7,4.09
