new_column,filterOff,HeaderCompressionOff,mtOff,tmOff,Files,BlockSize,x,performance
1,1,1,0,0,90,64,4,11763.2
2,1,0,1,0,80,128,2,17626.8
2,0,1,1,0,70,8,0,17671.8
1,0,0,1,1,40,2,0,17777.4
2,0,1,0,0,0,4096,8,85218.6
4,1,0,0,0,70,32,8,39311.6
3,1,0,0,0,30,2048,6,10648.8
4,1,1,1,1,50,1024,4,43603.4
2,1,1,1,0,0,64,0,17788.4
4,0,0,0,0,10,2,4,15843.4
5,1,0,0,0,80,128,0,9218.6
5,1,1,0,0,40,1,4,9251.0
3,0,0,0,1,50,4096,2,12177.8
4,0,1,0,0,60,1024,6,19431.2
5,1,0,0,0,90,2,0,9181.4
5,1,0,1,0,80,4096,0,9251.8
1,1,1,0,0,40,64,8,101951.6
5,0,0,1,0,60,4096,4,9182.4
4,0,1,0,1,20,2048,10,124145.0
2,1,0,0,1,20,64,10,101339.4
2,1,0,0,1,20,4,8,81187.4
2,1,1,0,1,20,4096,8,101099.2
3,0,0,0,0,0,16,0,15911.8
4,1,0,1,1,60,1024,6,49327.6
3,1,0,0,1,20,32,10,49123.6
1,0,0,0,1,70,4096,6,88574.2
3,1,0,1,1,30,1024,8,38538.2
4,0,1,0,1,100,2048,8,38948.0
2,1,1,1,1,90,1024,10,103052.6
4,1,0,1,0,80,256,8,124966.2
4,0,1,1,1,10,16,2,35705.6
2,0,0,0,0,40,32,6,87959.8
4,0,1,0,0,80,256,8,39170.6
4,0,0,1,0,0,512,8,116315.0
4,0,0,0,0,90,2,8,58535.6
4,0,1,1,0,100,128,10,417364.0
5,0,1,0,0,30,16,6,47603.8
4,0,0,0,0,60,32,2,8952.6
1,1,1,1,1,30,4096,8,103289.2
1,0,0,1,1,30,256,6,91621.4
4,0,0,0,1,100,2048,6,19195.0
1,1,1,1,0,50,1,10,125135.4
3,0,1,0,1,0,32,4,16263.4
1,1,0,0,0,70,16,8,95151.8
4,0,0,1,0,70,8,0,35898.0
5,0,0,1,1,20,2048,0,9142.8
5,1,1,0,0,0,16,8,121383.2
4,1,0,1,1,10,256,6,48630.6
1,1,0,0,0,20,2,8,79925.2
1,0,1,1,1,50,1,4,15258.0
2,0,1,1,0,90,16,4,11889.6
2,0,1,1,1,20,8,4,12234.2
5,0,0,0,1,20,32,8,121382.4
2,0,0,0,0,50,64,10,101403.4
2,1,0,1,1,70,1024,10,102855.8
1,0,0,1,0,20,128,6,91712.2
2,0,1,0,0,70,128,8,100424.4
4,0,1,0,0,10,4,10,170543.6
4,0,0,0,0,20,8,4,14325.2
1,0,0,1,0,90,64,4,11807.6
4,1,1,1,1,10,2,6,48716.0
1,1,0,0,0,100,2,6,73355.2
4,0,0,1,0,0,2,10,420711.8
4,1,0,0,0,90,256,2,8922.0
2,0,0,0,1,10,4,0,6140.4
2,1,0,0,1,40,32,6,88447.0
2,1,1,0,0,70,8,0,5151.8
4,1,0,1,1,50,1024,8,125018.4
4,1,1,0,0,0,8,6,27522.8
1,0,1,1,1,0,1,0,17876.8
1,1,0,1,1,30,1024,0,17740.0
2,0,0,1,1,50,32,10,103695.6
1,1,0,1,1,80,512,4,11804.2
1,0,0,0,0,20,16,6,85466.4
5,1,1,1,1,80,1,6,47184.8
4,0,1,1,1,50,1,2,35760.6
4,0,1,1,1,30,2048,8,124390.8
3,1,0,0,1,100,128,0,12233.6
4,0,1,1,1,10,8,2,35799.2
1,1,1,0,0,30,512,0,17892.2
4,1,0,0,1,30,2048,2,9013.4
4,1,1,0,0,80,8,2,9171.6
1,1,0,0,1,50,256,6,89673.6
4,1,1,1,1,40,32,4,43418.4
1,0,0,0,0,80,16,0,17686.2
2,0,0,0,0,60,8,6,76506.8
5,0,0,0,0,10,128,4,9198.4
4,1,0,0,0,10,512,10,144042.8
5,0,1,1,1,80,1,6,47276.0
3,0,0,0,1,50,1,6,18154.6
1,1,1,0,0,60,256,8,101698.6
3,0,0,1,0,40,512,4,12005.4
4,1,0,1,1,70,32,0,35950.2
1,0,1,1,0,70,16,0,17663.6
5,1,0,0,0,80,4,0,9209.4
5,0,0,1,1,10,8,10,299280.6
4,1,1,0,0,0,4096,4,22156.0
3,1,0,0,0,70,4,2,12793.2
2,1,1,1,1,100,8,2,17697.8
1,0,1,0,0,40,8,6,76784.8
5,1,0,0,0,50,1,0,9193.6
5,0,1,0,1,70,1,6,47115.2
5,1,1,1,1,10,8,0,9183.8
3,1,0,1,1,70,128,8,38045.0
4,0,0,0,0,70,1,6,34976.6
2,0,1,0,0,60,64,6,89419.6
2,0,1,0,1,0,8,10,85281.6
1,0,0,0,0,70,256,2,17702.8
1,0,1,1,0,40,16,8,105472.0
4,0,0,0,0,90,1,4,20188.6
4,0,0,0,0,80,32,4,12890.8
4,0,1,1,0,90,64,0,35800.2
1,0,0,1,0,100,16,2,17804.8
5,1,1,0,1,0,4096,10,299179.4
2,1,1,0,1,70,1,2,11186.0
1,1,1,0,1,80,4,2,17644.2
1,0,1,0,1,60,16,0,17787.4
1,0,1,1,0,60,512,8,102559.8
4,1,0,1,1,30,1,6,48785.8
4,0,0,1,1,80,1,8,123576.8
3,0,0,0,0,20,1,4,14444.2
3,0,1,1,1,10,512,8,39348.0
2,0,0,1,0,70,64,2,17717.8
4,1,0,0,0,20,4096,10,124071.2
1,1,0,1,1,30,128,2,17708.6
1,1,1,1,1,50,64,0,17785.6
4,0,1,1,0,50,2048,8,124812.8
3,1,1,1,1,40,4,0,12892.4
5,0,1,1,1,50,4,10,300371.6
1,0,1,0,0,20,256,8,101231.2
1,0,1,0,1,70,1,6,78635.2
1,1,0,0,1,80,64,10,101748.0
3,1,1,1,0,0,4,0,15815.8
4,0,1,0,0,50,256,4,13221.2
1,1,0,1,0,60,64,8,102649.0
5,0,0,0,0,100,2,8,120410.0
4,1,1,1,1,100,1,2,35857.6
2,0,1,0,0,80,2048,2,4687.6
4,1,0,1,0,20,1,6,48271.8
3,1,1,1,0,80,32,10,48295.4
2,0,1,1,0,10,1024,6,93670.2
4,0,0,1,1,100,1024,0,36025.0
2,1,0,1,1,100,512,2,17619.6
1,1,1,0,1,70,1,6,78183.4
1,0,1,1,1,20,4,10,114218.6
5,1,0,0,1,50,8,10,301661.0
1,0,1,0,0,10,2048,10,100046.0
3,0,0,1,1,50,2,2,13115.4
2,0,1,0,1,40,4,0,5496.0
2,0,0,1,0,70,4,8,114074.4
3,0,1,0,1,0,32,10,48012.6
1,0,1,0,0,80,1,6,78632.2
5,0,0,0,0,30,8,6,47829.8
3,0,1,1,1,0,256,2,15896.8
2,0,0,0,0,80,128,4,4334.0
4,1,0,0,1,20,256,10,123824.2
4,1,1,0,0,100,1024,8,38698.4
3,1,0,0,1,100,1,10,50098.4
2,1,0,1,0,90,256,4,11871.4
5,0,1,0,0,40,64,6,47629.0
2,0,0,1,1,50,4,2,17690.0
3,1,0,0,1,80,1024,2,12160.2
5,1,1,1,1,80,128,8,121494.8
3,1,1,0,0,40,512,8,38019.2
5,0,1,1,0,30,64,8,122285.6
2,1,1,1,0,40,2048,4,11933.2
3,0,1,1,0,0,2,2,16057.8
3,0,0,0,1,0,512,8,44218.6
4,0,0,1,1,0,64,2,35456.0
3,1,1,1,1,90,8,8,37505.0
4,1,0,0,1,60,64,2,8937.0
3,0,1,0,0,100,2,4,13107.0
5,0,1,0,0,20,8,8,121322.8
1,1,1,1,1,0,256,6,123535.8
5,1,0,0,0,50,128,2,9163.0
1,0,0,1,0,30,2,10,117710.4
5,1,0,1,0,70,512,4,9227.4
3,1,0,0,1,30,256,6,10610.6
3,1,1,0,0,0,2,8,44265.2
3,1,1,0,0,50,2048,8,38006.4
5,0,0,0,1,0,1024,8,121608.4
4,0,1,0,1,30,1,2,10058.0
2,0,0,1,0,0,256,10,131601.6
1,0,1,0,1,60,64,6,89298.4
2,0,0,1,1,10,64,4,12458.6
2,0,0,1,1,10,1,4,15291.6
4,0,0,0,1,50,1,8,82212.2
5,1,0,0,1,20,4096,6,47766.0
5,1,1,0,1,70,512,10,299910.2
2,1,1,0,1,10,128,6,87937.6
3,0,0,0,1,0,4096,4,16140.6
3,1,0,0,1,100,1024,2,12171.8
1,1,1,1,1,10,2,2,17720.6
3,1,0,1,1,80,256,8,38206.8
5,1,0,1,0,60,1,2,9164.6
3,1,1,1,1,40,8,8,37481.4
5,0,0,0,0,90,64,6,47352.0
1,1,1,1,1,80,512,4,11819.4
2,1,0,0,0,20,128,4,4970.2
1,1,0,1,1,30,64,2,17722.0
3,1,1,1,0,70,1024,8,38022.4
2,1,1,1,0,70,1024,2,17672.6
1,0,0,1,0,40,32,4,11908.4
5,1,0,1,1,70,16,4,9179.6
5,1,0,0,0,50,2,2,9158.2
1,1,0,0,1,10,512,2,17746.0
4,0,0,1,1,0,2048,10,420723.4
5,1,1,1,1,30,1024,8,121687.4
4,0,1,1,0,90,1,10,418243.6
1,0,0,0,1,0,1,8,85295.0
1,1,1,1,1,70,512,4,11832.8
2,1,0,0,0,50,512,2,4895.2
4,1,1,0,1,10,4,8,53856.6
5,0,1,1,0,80,1024,2,9183.6
1,1,0,1,0,100,4,6,103097.6
5,0,0,1,1,70,32,8,121980.2
1,1,0,1,0,10,2048,6,93963.2
2,0,0,0,0,80,128,2,4730.6
3,1,0,0,0,70,1,10,50308.0
4,1,1,1,1,80,4096,0,35723.6
5,1,1,0,0,20,32,4,9133.4
3,0,1,1,1,40,4,10,46710.6
5,0,0,0,0,10,4096,8,121475.4
1,1,0,0,1,80,2048,8,101416.0
3,0,0,1,1,40,4,6,13489.8
4,1,1,0,1,60,2,2,9525.2
5,1,1,0,0,90,16,4,9183.2
4,1,0,1,0,80,128,2,35898.4
4,1,0,0,1,30,2,4,15733.2
5,0,1,1,1,80,128,6,47570.8
2,0,0,0,0,60,32,6,87774.4
5,1,1,0,0,0,1024,4,9210.2
1,1,1,1,1,60,1,0,17665.8
2,0,0,1,0,70,128,2,17709.0
1,0,1,0,1,20,8,10,86379.0
1,1,0,0,1,10,8,6,76878.6
2,0,0,0,1,90,512,6,83168.2
4,1,0,0,0,40,2,2,9572.4
3,1,1,0,1,100,2048,4,12138.2
2,0,0,0,1,100,512,4,4395.6
4,1,1,1,1,30,32,6,49606.0
3,0,1,1,1,90,2048,4,12032.0
5,1,0,0,1,100,64,8,121145.8
4,0,0,0,0,40,256,0,8971.2
4,1,1,1,0,10,2048,2,35792.2
4,0,1,1,0,50,512,8,124934.2
2,1,1,1,0,60,1,10,125336.6
1,1,1,1,1,90,16,10,105662.2
1,0,0,0,1,20,2048,2,17754.8
4,0,0,1,0,80,16,2,35661.0
1,1,1,0,1,0,1,0,17977.2
3,0,1,1,1,90,16,0,12134.6
2,1,0,1,1,0,256,6,123633.8
4,0,0,1,1,30,1,0,35933.4
3,1,0,1,1,70,64,8,38055.2
3,0,0,0,1,90,4,6,13523.8
5,1,0,1,1,70,2,2,9161.0
1,0,1,0,1,20,512,2,17752.0
2,1,1,1,1,20,128,0,17627.4
1,1,0,0,1,90,2048,6,88496.2
3,1,1,0,0,10,1,8,42926.0
2,0,0,0,1,50,4096,0,4889.2
4,1,1,1,1,90,16,0,35832.0
2,1,1,0,0,90,256,2,4674.4
5,1,1,1,0,90,1024,8,122092.2
4,0,0,1,0,50,1,8,123927.8
2,0,1,0,0,80,32,8,99855.2
3,0,1,1,1,50,1,0,14560.0
3,0,1,0,0,40,1024,0,12109.2
1,1,0,0,1,30,4096,0,17818.4
1,0,0,1,1,100,2048,8,102853.2
5,0,1,0,0,70,32,6,47642.0
1,0,1,1,0,40,8,8,109416.4
3,0,1,1,0,100,1,10,50068.8
4,0,0,1,0,30,4096,6,49144.6
2,0,0,0,0,40,8,4,9168.0
4,0,0,1,1,20,32,2,35791.2
1,0,1,0,1,20,4,2,17790.2
5,0,0,1,1,10,128,10,301351.4
4,1,1,0,0,20,4096,10,124072.6
4,0,1,0,1,30,4,8,51918.6
3,1,1,0,0,0,8,10,47992.2
2,1,1,1,0,10,2048,6,93741.4
3,0,0,1,1,30,64,8,38332.8
2,1,0,1,1,50,256,0,17685.6
2,0,0,1,0,80,512,0,17657.0
2,0,1,1,0,90,128,10,102860.4
4,1,1,1,0,40,64,4,43470.4
3,0,0,1,1,100,2048,6,10599.4
3,1,1,0,1,50,256,10,48755.2
4,0,1,0,0,0,8,0,11864.6
3,1,0,0,1,80,4096,4,12093.8
1,0,1,0,1,10,32,8,98729.2
3,0,0,0,1,60,512,10,48564.2
2,0,0,1,1,70,128,0,17705.4
1,0,1,0,1,50,16,6,85027.2
4,0,0,1,0,40,1,6,48633.6
2,1,1,0,1,10,4,6,72714.6
1,1,1,0,0,60,16,10,96501.8
4,1,0,1,0,40,16,2,35850.0
3,0,1,0,0,100,4,2,12860.4
5,1,1,0,1,80,8,10,300652.6
3,1,0,0,1,40,1024,8,38088.6
4,1,0,0,1,70,1024,10,113893.0
3,1,0,0,1,20,32,6,11055.2
3,0,1,1,1,80,16,4,12305.6
1,1,0,0,1,20,1024,10,101439.2
5,0,1,0,1,0,32,6,47294.2
4,0,1,1,1,20,16,0,35528.4
1,0,1,0,0,20,2,2,17690.6
4,1,1,1,1,80,16,2,35883.4
3,0,1,0,1,20,512,6,10894.0
4,1,0,1,0,0,16,2,35662.6
2,1,0,1,0,40,1,0,17654.6
5,1,1,1,0,50,16,2,9239.4
2,1,1,0,0,0,2,2,11394.4
3,0,1,0,1,40,16,10,48095.4
5,1,1,1,1,30,2,8,121442.8
3,1,1,0,1,90,256,0,12127.2
4,1,1,0,1,100,4096,4,12723.6
3,0,1,0,1,50,1,10,50458.4
4,1,0,1,0,40,8,8,124650.4
3,0,0,1,1,100,1,10,50093.4
1,0,1,1,1,70,512,8,102838.2
2,0,1,0,1,70,64,8,101380.4
1,1,1,1,1,90,2,4,13298.2
2,0,0,0,1,80,4,4,11958.4
4,1,0,0,1,30,4096,8,41095.8
4,0,1,0,0,80,2,6,26412.0
2,1,0,1,0,50,8,6,98753.8
5,0,1,1,1,70,1,0,9206.0
1,1,1,0,1,10,4096,4,12379.0
3,0,1,0,1,80,16,6,11451.6
5,1,1,1,0,40,32,2,9256.4
3,0,1,0,0,100,16,4,12332.6
2,1,1,0,0,70,1,0,11172.8
1,0,1,1,1,80,2,10,117637.8
4,0,0,0,1,50,512,10,113512.0
4,0,1,1,1,80,1024,10,414442.6
5,1,1,1,1,80,4096,6,47736.2
1,1,1,1,1,0,64,10,131696.6
1,0,1,1,0,100,8,4,12132.2
4,0,0,0,0,50,1024,10,113619.6
5,1,0,0,1,30,512,0,9186.2
2,0,1,0,1,90,4096,6,83238.8
4,1,0,0,0,80,4,4,14566.6
5,1,0,0,1,0,2,8,121280.6
4,0,1,1,1,70,8,10,417465.0
2,0,0,1,0,10,512,4,12485.2
5,1,1,1,1,100,4096,6,47952.2
3,0,1,1,1,20,256,0,12357.6
3,0,0,0,0,0,8,0,16136.4
2,1,0,1,1,0,4096,10,131472.0
3,1,0,1,0,70,2048,0,12190.8
4,1,0,1,0,10,2,2,35761.4
5,0,1,0,0,100,512,10,301407.0
1,1,1,0,0,50,2048,8,101430.0
5,1,1,0,1,30,2048,8,121884.4
5,1,1,1,1,100,32,4,9154.0
4,1,0,1,1,90,256,4,43888.2
4,1,1,0,0,40,4,6,23794.2
1,1,0,1,0,60,512,4,11852.6
4,0,1,1,1,0,2,6,40883.6
2,0,1,1,0,70,8,2,17713.4
4,0,0,0,0,40,16,2,9059.8
5,0,1,0,0,70,2048,8,121336.4
2,0,0,1,0,90,256,4,11842.6
5,0,0,1,0,90,2,10,300202.6
5,1,1,1,0,0,64,0,9271.2
1,1,0,1,1,100,1024,8,102624.2
3,1,0,1,0,90,4096,4,12086.0
5,0,0,0,0,40,2,10,298416.4
4,1,1,1,0,0,1,6,40885.6
4,1,1,1,0,10,2,2,35769.2
2,0,1,1,1,80,32,0,17652.0
1,1,1,0,0,80,8,8,85728.4
1,0,0,0,0,30,4,8,80678.6
3,0,1,1,0,100,1,0,14388.8
5,0,0,0,1,50,4096,0,9187.6
1,1,0,0,1,40,4,8,80668.4
3,1,0,1,1,0,2,0,16061.6
2,1,1,0,1,90,4096,0,4657.4
4,0,0,0,1,20,1,10,266232.8
5,0,0,0,1,50,256,10,300851.6
5,1,1,0,1,0,32,6,47462.6
3,1,0,1,1,20,128,8,38629.6
2,1,1,1,1,0,64,6,123599.2
2,1,1,0,0,30,32,4,4573.0
5,0,1,0,0,0,32,0,9236.4
3,0,1,0,1,30,64,2,12150.8
4,0,0,1,0,90,128,6,49713.4
5,0,0,0,1,90,128,2,9190.6
5,0,0,0,1,10,8,4,9155.8
3,1,0,0,1,20,128,10,49295.8
4,1,0,1,1,40,32,0,35895.2
4,0,1,1,0,30,1024,8,124482.8
2,1,1,0,1,50,128,2,4858.2
3,1,1,0,0,10,4096,8,39268.4
1,1,0,1,0,100,1024,8,102671.2
1,0,1,0,1,60,4,8,80852.0
3,0,0,1,1,70,64,10,48666.2
1,0,0,0,0,80,1024,0,17684.0
5,1,0,0,1,100,128,4,9116.4
3,0,0,0,1,100,8,8,37585.4
3,0,1,1,1,50,8,10,47666.0
3,1,0,0,0,10,8,4,12588.2
3,0,0,1,1,100,32,6,10830.0
2,0,1,0,0,50,64,0,4862.4
2,1,1,0,1,0,128,6,81898.2
3,0,1,1,0,30,1,4,14369.8
3,1,1,0,0,60,2,2,13252.2
1,1,1,1,0,90,1,2,17610.2
1,1,0,1,1,20,1,8,125415.4
2,1,0,0,1,80,512,6,85411.4
4,1,0,0,0,20,2,4,15879.4
4,1,1,0,0,20,4096,2,9101.4
3,1,0,1,0,60,512,8,37986.6
1,0,1,0,1,30,2,2,17650.4
3,0,1,1,0,50,256,4,12106.0
2,0,0,0,0,10,32,0,5802.6
2,1,0,0,0,0,1,2,11420.6
5,0,0,0,1,30,64,10,303752.2
5,1,0,0,1,10,1024,6,47574.4
2,1,1,0,1,60,256,8,101357.8
3,1,1,1,1,50,512,0,12177.6
5,1,1,1,0,60,16,0,9169.0
2,0,0,0,0,50,128,4,4577.6
3,0,0,0,1,80,256,2,12110.8
1,1,0,0,0,30,2048,0,17893.2
1,1,1,1,0,30,512,10,103459.4
5,0,1,0,0,80,2,0,9125.0
5,1,0,0,0,30,2048,4,9152.6
1,0,0,0,0,70,4,0,17699.4
2,0,0,0,0,90,128,4,4362.2
4,1,1,1,0,90,4096,4,43651.0
5,0,1,1,0,60,4096,2,9172.6
2,0,0,1,1,100,16,10,105405.2
2,0,0,1,0,30,2048,4,11985.2
5,0,0,0,1,70,1,4,9107.6
4,1,0,1,1,10,128,6,48715.6
2,0,0,0,1,30,128,8,100737.2
5,0,0,0,1,30,4,6,47513.6
3,0,1,1,0,20,2048,8,38417.0
5,0,0,0,1,100,512,10,302802.2
3,1,0,0,0,90,2048,8,37715.6
2,0,0,0,1,50,8,4,9160.8
4,1,1,1,1,20,2048,0,35804.0
3,1,1,0,0,60,1024,10,48438.0
1,1,0,1,1,40,2,2,17772.6
5,0,0,0,1,30,8,6,47463.0
5,0,1,0,0,100,1,6,47482.0
5,0,1,1,1,100,256,0,9198.6
5,1,1,0,0,90,1024,4,9270.8
4,1,0,1,1,90,4096,10,416173.4
5,1,0,0,0,70,4,4,9137.0
4,1,1,0,0,30,4096,6,19972.6
1,0,1,1,1,0,64,4,18461.4
1,0,0,1,1,70,64,10,102852.0
1,0,0,1,1,70,1024,6,91178.4
3,1,1,1,0,10,1024,0,12519.0
3,1,0,0,1,60,4096,2,12083.8
2,1,1,1,0,100,8,6,98517.2
2,1,0,0,0,100,2048,4,4392.6
4,0,1,0,0,70,32,4,12930.2
4,0,0,1,1,60,64,6,49390.4
5,0,1,0,1,80,256,6,47778.0
1,0,1,1,1,80,32,0,17700.0
1,0,1,0,0,0,1,0,17894.2
1,0,0,0,0,40,4096,0,17680.0
1,1,1,0,0,20,512,0,17694.8
1,0,1,0,1,90,512,0,17851.6
2,0,0,1,1,80,2048,2,17755.4
1,0,1,1,1,40,64,2,17699.2
1,0,1,0,1,20,2,0,17648.8
3,0,1,0,1,40,4096,2,12031.0
5,1,0,1,0,80,1024,2,9176.2
2,0,0,1,1,20,1024,6,91766.8
2,1,0,0,1,40,2048,2,4860.8
1,0,0,1,0,20,64,6,91626.8
2,0,0,1,0,0,1,10,131539.2
5,1,1,0,1,60,1024,8,122167.0
4,1,1,0,1,10,1,2,10125.2
4,1,1,0,1,20,2,2,9581.8
2,0,1,1,0,80,1,8,125270.8
4,0,0,1,0,20,8,8,123906.4
5,1,1,0,1,60,16,10,301858.4
2,0,0,1,1,60,8,4,12207.4
1,1,1,1,1,50,64,8,103044.4
5,1,0,1,0,80,8,6,47520.0
3,1,0,1,1,90,512,8,37887.4
3,1,1,1,0,10,16,10,49682.0
5,1,1,0,1,20,64,0,9192.2
1,0,1,0,1,70,1024,2,17798.6
2,0,0,1,1,80,128,4,11877.2
2,0,0,0,0,10,8,2,6013.4
3,1,0,0,0,10,128,2,12598.6
2,0,0,0,0,30,2048,8,100490.6
2,0,1,0,1,0,16,6,82124.2
4,0,1,1,1,70,2048,10,415509.6
1,0,0,0,0,10,64,8,99118.4
2,1,0,0,1,70,32,2,4822.0
3,0,1,1,0,60,2,0,13238.8
3,0,1,0,0,80,4,0,12843.2
5,0,1,1,0,20,2048,6,47685.0
5,1,0,0,0,0,256,4,9373.4
3,1,1,0,1,50,32,2,12302.2
2,1,1,1,1,70,64,8,102784.8
3,1,1,1,0,0,4096,4,15929.6
4,1,0,1,1,40,128,8,124999.4
4,1,1,1,0,50,4096,8,124675.0
1,1,0,1,0,0,1,8,131978.6
1,0,0,1,0,10,2048,0,17688.6
5,1,0,1,0,30,2048,2,9174.8
1,1,1,1,1,0,64,0,18056.6
4,0,0,0,0,30,32,0,9015.8
4,0,0,0,0,20,4,10,161173.2
3,1,1,1,0,30,64,6,10629.2
5,1,0,1,0,90,2048,0,9202.6
3,0,0,1,1,30,128,0,12077.6
5,0,0,0,1,90,2,2,9150.4
1,1,0,0,1,60,1024,4,11832.0
3,1,0,1,0,0,64,0,15834.4
1,0,1,1,1,0,128,2,17940.8
5,0,0,1,1,100,256,8,122031.0
1,1,1,0,1,30,32,8,99199.8
5,1,0,0,0,0,1024,4,9281.2
4,0,0,1,1,10,1024,8,124507.2
4,1,0,0,1,100,512,8,38803.6
5,0,1,1,0,40,2,4,9095.4
1,0,1,1,0,20,1,10,125423.4
1,1,0,0,0,100,64,4,11764.4
4,1,0,0,0,20,64,6,20721.4
5,1,1,1,0,60,8,0,9204.4
4,0,0,0,0,60,32,10,116682.4
5,1,0,0,1,10,128,8,121308.8
5,0,1,1,1,60,256,0,9224.4
2,0,1,1,0,70,2,4,13297.0
4,1,0,0,1,70,1,0,10056.6
5,0,0,1,0,100,2,0,9153.8
1,0,0,1,0,0,512,10,131906.2
2,0,1,0,1,100,16,0,4908.6
3,1,0,0,0,90,1,10,50209.0
3,0,1,1,0,90,512,2,11968.2
1,0,1,0,0,50,64,6,89121.2
3,0,0,1,1,40,64,8,38191.2
1,0,0,0,0,90,8,8,86507.2
4,1,0,0,1,0,4096,8,75948.8
2,0,1,0,0,90,1,10,83632.8
4,1,1,0,1,50,4096,8,39445.0
1,1,1,1,1,80,8,2,17674.8
5,0,0,0,0,10,64,2,9162.8
1,0,0,0,0,0,128,10,85364.4
3,0,0,1,1,30,16,4,12277.2
4,0,1,1,1,90,128,2,35719.4
5,0,0,0,1,40,4096,10,302441.6
2,0,0,1,0,100,32,2,17691.8
4,0,0,1,0,10,512,0,35798.0
2,1,0,0,0,80,128,4,4306.6
2,1,1,1,0,40,128,2,17639.4
4,1,0,1,0,80,512,10,414859.2
4,0,1,1,1,60,64,10,415222.8
2,1,0,1,0,100,4,2,17678.4
5,1,0,1,1,10,1024,2,9237.6
5,0,1,1,0,80,32,2,9171.6
2,1,1,0,1,90,4096,8,100392.0
5,1,0,0,1,80,512,6,47704.2
1,0,1,1,1,60,2,8,117461.4
1,1,1,1,1,100,8,2,17689.0
2,0,0,1,1,100,4,2,17716.6
3,0,0,1,1,50,4,8,37471.4
3,0,0,0,1,40,128,8,38220.6
5,1,1,1,0,10,16,2,9127.6
3,0,0,0,0,20,256,4,12133.8
5,1,0,0,1,80,1,0,9181.4
2,0,1,0,1,30,256,10,100311.2
5,0,0,1,0,20,512,10,300416.4
4,0,1,1,1,100,64,6,49345.0
5,1,0,1,0,10,32,4,9187.0
4,1,0,1,0,10,256,10,414834.8
2,0,0,0,0,30,256,6,88585.4
3,1,1,0,1,0,1,2,15951.6
4,1,0,1,1,40,2,2,35736.4
4,0,0,1,0,10,64,10,415015.8
2,1,0,0,1,40,16,4,4858.2
5,1,1,0,1,10,4096,10,300551.6
2,0,1,0,1,0,32,10,85025.8
1,0,0,1,1,30,2048,6,91500.0
4,1,1,1,1,40,1,10,419216.6
1,0,0,1,0,0,4096,10,131719.6
3,0,0,1,0,40,1,4,14431.2
2,1,1,0,0,50,16,0,5004.2
4,0,0,1,1,100,32,10,415089.6
2,0,1,0,0,80,16,6,83997.8
4,0,1,0,0,20,1024,2,9111.0
3,0,1,1,1,40,64,6,10627.4
4,1,0,0,0,0,32,2,11891.4
2,1,1,1,1,100,128,8,102593.8
3,1,1,0,1,20,2,2,13217.4
3,0,0,1,0,50,512,2,12156.8
4,1,0,1,0,100,2,4,43494.2
5,0,0,1,0,20,128,10,302127.0
5,0,1,0,1,10,4,0,9151.8
2,0,1,1,0,10,16,8,106486.4
3,1,0,1,0,90,16,10,47635.0
2,0,1,1,0,90,1,8,125268.8
1,0,0,0,0,40,128,0,17669.6
2,0,0,1,0,90,1,0,17635.4
3,0,1,0,1,30,32,10,48680.2
5,1,1,1,0,20,2048,6,47611.8
4,0,1,0,0,50,1,6,34933.6
3,0,0,0,0,40,4,10,46724.8
5,1,1,0,1,100,128,0,9222.0
4,0,1,0,0,70,32,10,115468.6
2,1,1,0,1,10,2,0,7847.4
2,0,0,1,1,90,16,4,11926.8
4,1,0,0,1,90,1,4,20169.2
5,0,0,0,1,30,4,0,9149.2
3,0,1,1,1,50,1024,10,48793.8
5,1,0,1,0,90,16,6,47772.2
1,1,0,1,0,80,1024,4,11815.4
4,0,1,0,1,50,8,10,146603.2
2,1,0,0,0,50,8,0,5242.8
3,0,0,1,1,40,1,0,14505.4
3,1,0,1,0,20,2,8,39256.4
2,1,1,0,0,10,128,2,5757.6
5,1,1,0,0,30,32,8,121944.2
5,0,0,1,1,40,1,4,9133.4
2,1,0,1,0,50,128,8,102890.4
1,0,1,0,0,40,8,8,86034.2
1,0,0,1,0,0,32,0,17951.6
2,0,1,0,0,60,256,0,4753.4
2,0,1,0,0,90,512,10,100861.2
5,0,1,0,0,30,1,10,300886.0
2,0,1,1,0,90,64,0,17586.6
5,0,1,1,1,30,2,0,9228.0
2,0,0,0,1,30,2048,0,4871.2
4,0,0,1,0,100,1,4,42791.4
5,1,0,1,0,0,32,6,47296.8
1,1,0,1,0,30,128,6,91473.2
5,1,0,0,1,10,32,8,121160.2
4,0,1,1,1,70,16,6,49763.4
4,0,1,0,1,50,128,8,39688.8
2,1,1,0,1,90,256,8,100785.2
4,0,0,1,1,30,32,8,124620.4
2,0,0,0,1,30,4,6,73284.4
4,0,0,1,0,70,4,8,124265.2
2,1,0,0,0,100,128,4,4393.2
3,1,0,1,0,0,16,2,15892.8
2,0,1,1,0,10,16,0,17696.4
5,0,0,0,0,0,4096,2,9242.2
2,1,0,0,1,60,64,10,101518.2
4,1,0,1,1,10,128,10,415617.4
4,0,0,0,0,30,1,4,20283.6
1,1,0,1,0,90,32,10,103667.4
1,1,1,1,0,100,32,2,17706.6
5,1,1,1,0,70,128,6,47933.8
1,0,1,0,0,70,1,10,83185.4
3,0,1,1,1,0,512,10,48548.2
2,0,0,0,1,90,2048,2,4674.2
1,0,0,1,1,50,1,8,125571.6
4,0,1,0,0,30,512,4,13180.0
5,1,1,1,0,60,64,0,9191.4
3,1,0,0,1,80,128,6,10643.8
5,0,0,0,1,0,4,8,121246.6
4,0,1,1,1,100,4,8,124130.6
2,0,1,0,0,0,4096,0,11378.4
4,1,0,1,1,90,2048,2,35904.2
5,0,0,1,0,50,4,6,47596.8
5,0,1,1,1,20,1024,10,301215.2
5,1,0,1,1,80,512,6,47612.6
1,1,1,0,1,90,128,4,11807.6
3,1,1,0,1,30,32,2,12114.2
4,1,1,0,0,60,128,4,12962.6
3,0,1,0,0,10,32,4,12454.2
5,1,1,0,1,20,256,10,301293.4
3,0,1,0,0,70,4096,2,12071.4
2,1,1,0,1,0,4,6,82113.4
2,0,0,1,1,70,8,10,109081.4
2,0,0,1,1,0,64,2,17988.0
5,0,0,0,0,100,128,4,9194.2
1,1,0,0,0,20,16,6,85785.6
3,1,0,1,1,40,128,6,10643.2
4,0,0,0,1,90,4096,8,39226.8
1,1,0,0,0,70,32,6,88470.8
3,0,0,0,1,70,4096,10,48398.0
1,1,0,1,1,20,512,8,103805.0
4,1,1,0,1,80,256,2,8921.2
3,1,0,0,1,40,16,6,11464.6
1,0,1,0,0,40,16,8,96055.6
2,0,1,1,0,0,128,8,131601.0
1,0,0,0,1,40,128,2,17907.6
4,0,0,1,1,0,4,6,40857.6
2,1,1,1,1,60,256,8,102608.2
3,1,0,0,0,50,1024,0,12189.8
3,0,1,1,0,50,2048,2,12238.6
1,0,1,0,0,100,32,0,17714.0
1,1,0,1,1,90,2,0,17697.0
5,0,1,1,1,20,2,6,47506.2
4,1,0,0,1,20,1024,2,9141.4
2,1,0,1,1,40,1024,10,103047.2
1,0,0,0,0,50,1024,4,11791.4
3,0,0,1,0,100,4096,4,12212.8
4,0,0,1,1,100,1,4,42925.8
1,0,1,0,1,80,32,2,17740.0
1,0,1,1,0,90,512,2,17687.0
1,0,1,1,1,90,2,10,117430.4
4,1,0,1,0,0,2,6,40886.4
5,1,0,1,0,20,1024,8,121352.0
3,1,1,0,0,90,128,4,12185.0
1,1,0,1,1,20,2,4,13331.8
2,1,0,1,1,20,1,8,125238.6
4,1,0,1,1,60,64,2,35852.2
3,0,1,1,0,60,2048,6,10511.2
1,0,1,1,0,80,4096,0,17750.0
3,0,0,1,0,60,8,6,12194.8
4,0,1,1,1,90,512,10,418223.8
5,1,1,1,0,100,1024,2,9278.0
4,0,1,0,1,80,512,8,39191.8
1,1,0,0,1,50,4,4,12469.2
1,1,0,1,1,70,16,0,17826.4
2,0,0,0,0,80,2,8,80439.6
1,0,0,1,1,40,4,8,114120.4
2,0,1,0,1,30,1024,4,4570.6
3,1,1,0,1,60,4,4,12817.2
1,1,1,0,0,80,8,4,12233.2
4,1,0,1,0,70,512,0,35911.4
1,0,1,1,0,0,512,2,17910.6
1,0,0,1,1,0,4096,6,123528.4
4,1,1,0,0,20,1024,0,9110.6
1,1,1,1,0,100,4096,8,102573.6
1,1,1,0,0,40,16,8,96484.0
5,1,0,0,0,20,128,8,121183.0
4,1,1,0,1,0,16,4,22152.6
4,0,0,0,0,70,128,6,19524.8
3,0,1,0,1,20,256,4,12230.4
5,1,1,1,0,90,4,0,9158.6
1,1,0,1,1,80,2048,2,17744.8
3,0,1,0,1,90,2,10,48844.2
3,0,1,1,0,0,16,2,16079.2
2,0,1,1,0,80,4096,6,90718.0
2,1,0,0,0,70,1024,10,100502.8
5,1,0,0,0,60,4,8,121171.8
2,1,1,1,1,30,2048,10,103375.6
1,0,0,1,1,0,1,4,18453.0
5,1,1,1,0,10,2,10,299476.4
5,1,0,1,1,80,16,2,9122.4
1,1,0,1,1,100,4,6,102956.2
4,0,0,0,1,0,64,8,76071.0
2,0,1,1,0,100,2048,10,102739.8
1,0,1,1,0,20,2,2,17708.0
1,0,1,0,0,80,2048,8,101740.0
3,1,0,1,0,10,16,0,12567.6
1,0,0,0,0,70,16,6,84190.2
4,1,0,1,1,10,64,8,124166.2
2,1,1,1,1,30,1,0,17644.0
3,1,1,0,1,20,2,8,39251.8
3,1,1,1,0,30,16,2,12126.0
2,1,1,0,1,100,64,10,101436.6
3,1,0,1,0,70,128,10,48405.8
4,0,0,1,0,60,128,2,35874.4
3,0,1,0,1,10,16,8,38832.6
2,1,1,1,0,90,1024,4,11827.8
3,1,0,0,0,50,512,8,38123.6
5,1,0,0,1,70,128,10,299085.0
5,1,1,1,0,70,64,6,47762.6
4,1,1,0,0,100,1,0,10019.6
4,0,1,0,0,80,4096,10,112613.4
5,1,0,0,0,20,32,4,9304.0
5,1,0,1,0,40,2048,4,9158.4
5,1,1,1,0,100,128,4,9206.0
5,0,0,0,1,10,2048,4,9168.6
1,1,1,1,1,50,64,6,90980.8
2,0,1,0,0,70,4,6,72678.8
2,0,1,0,1,70,32,2,4785.2
1,1,0,0,1,70,2,2,17652.6
3,0,0,1,0,60,1024,6,10547.2
1,1,0,1,1,20,64,10,103876.4
4,1,0,0,0,60,256,6,19366.8
5,1,1,0,0,50,256,4,9166.0
5,1,1,0,0,100,1,10,300815.6
3,1,0,0,1,50,4096,4,12162.2
3,1,0,1,1,30,64,6,10724.0
4,1,0,0,0,70,1,2,10033.0
1,0,1,1,1,10,2,0,17737.2
5,1,0,0,0,90,64,2,9156.8
3,1,1,0,1,10,16,10,49485.4
3,1,0,1,0,50,64,0,12175.0
3,1,0,0,1,30,4,4,12827.6
3,1,1,1,0,0,8,0,15799.0
1,0,0,1,0,50,64,8,102922.2
1,1,1,1,0,50,16,8,105409.8
3,0,0,1,0,0,1,4,15956.6
1,1,0,1,1,90,1024,6,90977.8
2,0,1,1,0,20,8,0,17708.4
3,1,0,1,0,100,512,0,12199.2
5,1,1,1,0,20,16,6,47509.2
3,0,0,1,0,10,32,4,12499.0
5,1,1,1,0,90,4096,4,9180.2
2,1,1,0,1,80,2048,10,101562.2
3,0,1,0,0,0,32,10,48162.0
1,1,1,0,1,40,1024,6,89807.8
2,0,1,0,1,50,4,4,11899.2
2,1,1,0,1,70,512,10,100234.0
2,0,1,0,1,30,512,6,88575.2
3,0,0,1,0,40,128,2,12065.2
1,0,0,0,1,40,32,6,88056.0
3,1,1,1,0,100,1024,4,12157.4
1,0,1,1,0,60,128,2,17730.0
1,0,1,1,1,40,16,6,93601.2
5,0,0,0,1,40,32,6,47749.6
1,0,1,1,0,60,8,4,12110.4
3,0,1,1,0,100,512,8,37863.6
5,0,0,1,1,50,4,10,300355.2
1,1,1,0,1,100,4,0,17675.6
3,1,0,0,0,100,2,6,15550.2
4,1,0,0,1,10,64,4,13843.0
5,0,0,0,0,60,512,8,122026.2
5,0,0,0,0,90,2,6,47316.4
4,0,0,0,1,90,256,4,12771.4
4,0,0,0,1,60,2,2,9522.0
2,0,1,1,0,50,256,0,17774.4
1,1,1,0,1,80,256,4,11872.4
1,0,1,1,1,10,2048,0,17703.2
1,1,1,0,1,90,2,2,17718.0
2,1,1,1,0,90,8,4,12190.6
5,1,0,1,1,30,512,6,47646.8
4,1,0,1,0,0,4096,0,35640.2
5,0,0,0,1,10,4,2,9144.4
3,1,0,1,1,0,256,8,44382.0
2,0,0,0,0,40,32,0,4972.8
2,1,0,0,0,20,2048,4,4962.8
3,1,0,1,0,50,4096,8,38004.4
4,0,0,0,1,40,4,10,159620.2
4,0,1,0,1,90,512,8,39663.2
2,0,1,0,0,40,16,2,5067.2
1,1,1,0,0,100,16,4,11877.6
5,0,1,1,0,50,1,0,9106.0
1,1,1,0,0,0,4096,8,85334.0
1,0,0,0,1,90,2,4,13347.0
5,0,1,1,0,70,2,10,298657.0
3,0,0,0,1,40,1,0,14362.2
1,1,1,0,0,80,256,4,11799.0
1,0,1,0,1,50,1,8,83504.0
1,1,1,0,0,20,32,2,17673.0
2,0,0,1,0,10,2,2,17743.8
2,1,0,1,1,100,2,0,17715.0
1,0,0,1,1,70,128,2,17675.2
1,0,1,1,1,100,4096,8,102662.6
3,1,1,1,0,20,2,8,39158.4
5,0,1,0,1,10,1,2,9102.6
2,0,0,0,0,0,2,10,85617.6
4,0,0,1,0,60,16,4,43667.8
3,1,1,0,1,100,8,10,47375.2
2,0,1,1,1,60,4,10,113779.8
3,0,1,1,0,40,1024,2,12139.4
1,0,1,1,0,30,8,6,99007.8
4,0,0,0,1,70,32,8,39822.8
3,1,0,0,1,50,1,0,14503.8
4,1,1,1,1,40,4,10,415281.4
5,1,1,0,0,20,512,8,121895.0
1,1,1,0,0,100,2,2,17647.8
3,0,1,0,0,0,256,0,15897.8
5,0,1,0,1,100,256,10,302656.6
1,0,0,0,1,100,64,4,11814.8
1,0,0,1,0,100,1024,4,11772.4
4,1,1,0,1,20,256,6,20352.8
3,0,0,1,0,50,8,4,12383.0
4,0,1,1,0,20,256,4,43197.8
2,0,1,0,0,60,2,10,79955.2
4,1,1,1,0,100,2,10,417696.6
5,1,1,0,0,40,128,6,47483.0
2,0,0,1,1,50,256,4,11885.2
2,0,1,0,1,0,2048,8,85311.2
5,0,1,0,0,60,512,0,9147.4
2,1,1,1,0,50,1,10,125150.6
3,0,0,1,0,40,2,2,13037.2
5,1,0,0,0,30,64,2,9177.2
5,0,0,1,1,60,2048,6,47602.8
1,0,1,0,1,40,128,4,11965.0
1,0,0,0,0,10,128,4,12329.4
2,1,0,1,1,10,512,6,93924.0
4,0,1,1,0,20,128,10,414899.2
2,0,1,1,1,80,4,0,17578.8
1,0,1,0,0,0,128,4,18386.0
5,1,0,1,0,100,1024,10,301766.6
1,0,0,1,0,0,512,8,131740.6
2,1,0,0,1,40,8,4,9208.0
2,1,0,0,0,60,4096,2,4743.8
2,0,0,1,0,80,32,2,17833.0
2,1,1,0,1,60,1024,8,101516.8
2,0,1,1,0,100,4096,4,11813.4
1,0,0,1,1,90,4,4,12487.6
1,1,0,1,1,0,128,4,18450.6
3,0,0,1,1,70,64,6,10694.2
5,0,1,1,1,30,128,10,301176.6
3,1,0,0,1,20,256,4,12160.4
2,0,1,1,0,30,512,6,91355.6
1,0,1,0,1,50,4,0,17692.0
1,1,0,1,0,40,4,0,17720.6
3,1,1,1,1,60,32,10,48374.8
5,0,0,1,0,70,128,8,121389.2
3,0,0,0,1,50,4096,4,12176.4
5,1,1,1,1,60,16,2,9131.0
3,0,1,1,0,100,32,0,12184.2
1,0,1,1,0,0,4,4,18489.8
5,0,0,1,1,40,4096,4,9118.2
2,0,0,1,1,70,16,4,11993.8
3,0,1,0,1,10,4096,10,50349.4
3,0,1,0,0,10,8,8,38073.2
3,0,0,1,1,90,1024,4,11980.2
3,1,0,1,1,80,4,0,12818.2
1,0,0,0,1,40,64,4,11913.6
1,1,0,1,1,40,512,2,17741.0
2,0,0,0,1,40,16,4,4853.6
4,1,1,0,1,90,4096,4,12725.8
4,1,1,0,1,100,512,6,19448.8
5,1,1,1,0,50,1024,8,122257.0
3,1,0,0,1,40,4,4,12963.2
3,0,1,0,1,50,2048,6,10697.8
1,1,0,0,0,30,16,10,96979.0
1,1,0,0,1,0,4,6,82430.6
1,0,0,1,0,40,1024,2,17639.0
3,1,1,1,0,20,8,2,12590.6
4,0,0,0,1,90,2,8,58475.6
2,0,0,0,1,70,256,0,4779.8
4,1,0,0,1,50,1024,0,8944.2
4,1,1,0,0,60,1,0,10024.4
2,0,1,1,1,30,16,0,17726.4
1,1,1,1,1,90,64,8,102660.6
1,0,1,1,0,0,2048,2,17933.4
3,1,0,0,1,70,2048,4,12239.4
1,0,1,1,0,10,4096,6,93771.0
2,0,0,0,1,80,4096,6,85726.8
5,0,1,0,0,70,8,6,47437.2
1,1,1,0,0,80,512,4,11808.4
4,0,1,1,0,90,4,10,415090.6
2,0,0,1,1,20,256,0,17734.6
3,0,0,0,0,70,128,0,12323.0
2,1,0,1,1,80,4,6,103124.4
5,1,0,1,1,80,128,6,47442.4
4,1,1,0,0,10,64,6,21553.2
1,0,0,0,1,0,64,10,85278.6
1,1,0,1,0,0,8,0,17984.6
3,0,1,0,1,0,2048,8,44331.6
5,0,0,0,1,100,16,4,9153.0
4,1,1,0,1,50,1024,4,13106.4
2,1,0,0,1,90,2,4,12824.6
4,1,0,0,1,80,4096,0,8922.2
1,0,0,0,0,100,2048,4,11684.0
1,0,1,1,1,20,2,4,13297.4
4,1,0,0,0,10,64,8,46814.8
4,1,1,1,1,70,256,6,49712.6
5,0,1,1,1,50,1,2,9163.8
3,0,1,0,1,100,2048,6,10592.4
5,0,0,0,1,70,2,8,121560.8
2,0,0,0,1,10,1,0,11236.4
5,0,0,1,1,50,4096,4,9202.2
4,0,1,0,0,100,256,10,110914.4
5,0,1,0,1,80,64,4,9194.2
1,1,0,0,1,20,16,2,17747.4
5,1,1,1,0,60,32,2,9150.2
2,1,0,0,1,60,512,6,88382.6
4,1,0,0,1,80,256,4,12821.8
2,1,1,1,1,0,16,8,131618.4
4,1,1,1,1,40,64,2,35740.6
3,1,1,1,1,70,8,6,12000.2
1,1,1,1,0,40,256,8,102942.4
4,0,1,1,1,70,16,2,35793.6
5,0,0,0,0,70,64,0,9190.0
5,0,0,0,0,20,8,10,297696.2
2,0,1,0,0,0,4,6,82086.2
4,0,1,0,0,80,128,0,8906.2
2,1,1,1,1,60,1024,2,17652.8
5,0,0,0,0,80,1024,10,298012.6
3,1,0,0,1,80,2048,0,12074.8
1,0,0,0,1,30,128,8,100404.2
3,1,1,0,0,100,1,4,14385.4
4,1,0,0,1,10,64,6,21620.4
4,0,0,0,0,30,8,8,49197.8
3,0,1,0,0,20,64,8,38450.0
4,0,0,1,1,30,2048,0,35817.6
3,1,0,0,1,60,16,2,12238.0
3,1,0,0,0,90,512,8,37708.0
1,0,0,1,1,50,128,6,91098.4
5,0,1,0,0,90,512,2,9132.6
4,1,1,0,0,100,16,2,8973.8
3,0,0,1,0,60,32,0,12164.4
2,0,0,0,1,20,4096,4,4979.6
5,1,0,0,1,10,128,4,9143.2
1,1,1,0,1,30,4,10,81247.2
3,1,1,0,1,0,8,10,48071.2
3,0,0,1,0,0,16,6,20922.0
3,0,0,0,0,100,16,8,37607.8
4,1,1,1,0,60,512,2,35882.2
3,0,1,1,1,40,128,2,12039.0
4,0,1,0,0,70,4096,0,8884.4
5,0,1,1,0,30,512,6,47688.6
2,1,0,1,0,20,512,0,17672.2
2,0,0,1,1,20,256,2,17740.0
3,0,0,1,0,10,256,4,12407.6
2,1,1,1,1,0,16,2,17793.6
2,0,1,0,1,0,512,2,11387.8
4,0,1,1,1,10,4,10,416722.8
4,1,0,0,0,40,2,4,15658.2
3,0,1,0,1,90,16,0,12155.4
1,1,0,0,0,100,4,2,17759.2
5,1,0,0,1,70,2,10,300750.4
3,0,1,1,0,100,4096,6,10625.8
1,0,1,0,0,40,64,4,11859.8
2,0,0,0,1,80,2,4,12895.4
3,0,0,0,0,70,256,0,12206.8
4,1,1,0,1,20,16,6,20641.4
3,0,0,0,1,40,2,10,48834.2
1,1,0,1,1,20,256,6,91886.2
4,1,1,1,0,100,4,6,48889.4
3,1,0,1,0,80,1024,6,10728.0
2,1,1,1,1,50,16,4,11970.4
5,0,0,1,0,40,4,10,297777.2
2,1,0,0,1,20,128,8,101232.4
5,0,1,0,1,20,64,10,300507.4
5,1,1,0,0,0,64,0,9185.6
3,1,0,1,0,20,1024,4,12075.2
1,0,0,0,1,40,4,8,80768.8
5,1,0,0,0,70,64,2,9131.6
5,0,0,1,1,10,32,6,47718.2
3,0,0,0,1,20,16,10,48288.6
3,1,0,1,1,70,8,10,47000.2
1,0,1,0,0,50,4,4,12509.2
1,1,0,0,1,30,16,2,17782.2
5,1,0,1,1,50,8,4,9158.8
5,1,1,1,0,10,256,10,301021.6
3,1,1,1,0,40,1,10,50463.2
4,0,0,1,1,90,8,8,125083.8
4,1,1,0,0,10,4096,0,9516.0
2,1,0,1,1,90,16,4,11909.8
1,0,0,1,0,70,2,0,17659.8
3,0,1,0,1,20,4096,4,12188.4
2,0,0,0,0,0,256,8,85204.2
3,1,1,0,0,80,64,0,12139.4
2,0,1,1,1,80,256,8,102658.4
3,1,1,1,1,40,2048,6,10598.8
1,1,0,0,0,60,128,6,89669.8
2,1,1,0,0,0,2,10,85291.0
4,1,0,1,1,30,128,6,49170.0
1,1,0,0,0,60,4096,10,101779.0
2,1,0,0,0,0,4,0,11418.2
1,1,0,0,1,100,4,4,12460.2
5,0,1,1,1,10,32,6,47595.8
1,1,0,1,1,30,4096,0,17731.4
2,0,1,0,1,60,2048,10,101379.4
4,0,0,0,0,30,512,2,9017.2
4,1,0,0,0,100,1024,8,38593.8
4,1,1,0,1,90,16,10,120341.0
2,0,1,0,1,80,256,2,4695.2
2,1,0,0,1,90,2,2,7498.2
3,1,0,1,1,20,4,10,46938.6
1,0,1,0,0,10,1024,2,17660.4
1,1,1,0,0,80,1024,0,17776.8
1,0,1,1,1,80,1,2,17656.0
4,1,0,0,1,40,512,8,40688.4
3,1,1,0,1,90,2,2,13202.8
1,1,1,1,0,70,128,6,91067.4
2,1,0,0,1,50,128,4,4549.4
1,1,1,1,0,70,1024,0,17730.2
5,0,1,0,0,100,2048,8,122285.0
4,0,0,0,0,30,2048,4,13220.2
2,0,1,0,1,100,2048,6,88379.8
1,1,1,0,0,70,2,8,80217.2
4,0,0,0,1,20,1,0,10105.4
3,1,0,0,1,90,8,10,47379.6
1,1,0,1,1,90,32,2,17729.0
5,1,0,0,1,40,16,6,47651.0
1,1,0,1,1,80,2048,4,11812.6
2,1,0,0,0,50,2048,6,89107.6
5,0,0,1,0,80,512,2,9158.0
1,1,0,1,0,20,4096,6,91985.6
4,1,0,0,1,70,64,2,8937.2
4,0,1,1,0,40,256,0,35912.6
4,0,0,0,0,70,1,0,10028.4
3,1,1,0,0,40,2,6,15536.2
1,1,1,1,0,50,2,8,117477.8
3,1,1,0,0,20,1024,8,38604.2
1,0,0,0,0,10,16,2,17680.0
1,0,0,0,0,90,2048,10,100527.2
2,1,1,0,0,0,1024,10,85237.0
5,1,1,0,1,90,8,8,121353.4
5,1,1,0,1,100,512,0,9222.2
4,1,1,0,1,0,4096,6,27506.0
2,1,0,0,0,30,4,8,81181.4
4,0,0,0,1,80,32,8,39686.0
4,1,0,1,1,50,2,6,48779.2
3,1,1,0,1,50,256,6,10697.2
3,1,1,0,0,70,2,8,39176.0
1,1,1,0,1,20,8,8,86376.4
1,0,0,1,0,50,128,2,17798.8
1,1,0,0,1,100,128,0,17735.4
3,1,1,1,1,30,4096,4,12091.0
1,0,1,0,0,30,256,0,17748.2
5,1,1,0,0,50,128,8,121536.6
3,1,1,1,0,50,2048,4,12131.2
1,1,1,0,0,70,512,0,17753.4
4,1,0,1,1,0,1,6,40836.8
1,0,1,0,0,80,1024,8,101252.6
4,0,1,0,1,0,1,2,11855.6
4,1,1,1,0,100,512,0,35694.0
3,0,1,0,1,70,512,2,12168.2
5,0,1,1,1,30,32,0,9146.0
5,1,1,1,0,0,16,6,47239.4
2,0,0,0,1,20,32,6,87498.4
1,1,1,1,0,30,64,4,11923.0
1,0,1,0,0,50,64,0,17736.6
4,0,0,1,1,40,512,8,124713.4
1,0,0,1,0,40,8,2,17669.6
1,1,0,1,0,100,8,4,12184.8
3,1,1,1,1,60,16,10,47804.4
2,1,1,1,0,30,2048,6,91615.0
5,1,0,0,1,50,2048,10,300770.8
1,1,0,1,0,100,4,2,17707.0
4,0,1,0,1,40,64,6,20000.2
1,1,0,1,1,30,32,4,11901.0
5,0,0,1,1,100,8,10,299975.4
1,0,1,1,1,0,8,8,132107.4
3,1,1,1,1,100,8,2,12464.4
5,0,1,1,1,0,2048,6,47597.8
2,0,0,1,1,50,64,4,11854.2
1,1,1,0,1,50,8,8,85987.6
3,0,1,1,1,0,2,6,20701.6
4,0,0,0,0,40,2,6,26562.0
5,0,0,0,0,40,16,2,9135.8
1,0,1,1,0,60,128,0,17773.6
4,0,1,0,1,20,32,6,20687.8
3,1,0,0,1,100,64,4,12221.0
1,1,0,0,0,50,256,0,17775.8
2,0,1,1,0,100,2,4,13327.0
1,1,0,0,1,60,256,10,101717.8
5,1,0,0,1,100,4,10,302102.2
1,0,1,0,1,40,1,6,78343.4
5,1,1,1,0,10,256,2,9200.8
5,0,0,1,0,40,8,8,121573.2
1,0,1,1,1,70,8,6,98148.4
3,1,0,0,0,50,4096,4,12195.4
1,0,0,1,0,70,2,2,17629.8
3,1,0,0,1,90,8,0,12520.2
3,0,1,0,1,60,256,2,12214.8
3,1,0,1,1,80,1,2,14484.2
3,1,1,1,1,20,256,10,49260.4
1,0,1,0,0,50,64,10,101443.0
4,0,0,1,1,20,2048,2,35809.6
1,0,1,1,0,20,32,2,17742.4
1,1,0,1,0,10,64,10,105665.4
2,0,1,1,0,0,32,6,123671.4
3,1,1,0,0,10,1,2,14420.8
3,0,0,1,0,90,256,4,12084.2
1,1,1,0,0,100,8,0,17696.2
2,1,1,0,0,0,64,0,11423.6
5,0,0,1,1,90,64,8,121647.0
2,0,0,1,0,60,512,2,17730.2
1,0,0,0,1,80,16,8,95265.8
2,1,0,0,1,10,128,0,5732.6
5,0,1,0,1,60,1024,6,47630.2
5,1,0,0,0,10,64,2,9145.4
3,0,0,0,1,10,4096,10,50461.6
4,1,0,1,1,10,64,0,35850.4
3,0,1,1,0,40,1024,4,12265.6
2,1,0,1,0,80,8,6,98533.2
5,0,0,0,1,100,8,4,9122.6
3,1,1,1,1,40,4,4,12781.0
1,0,0,1,1,30,8,0,17717.0
1,0,1,1,0,0,8,4,18459.0
2,0,1,0,0,0,512,2,11394.2
1,1,0,0,1,80,4096,2,17773.6
3,1,1,0,1,80,2,4,13070.6
5,0,0,1,1,50,64,0,9156.2
2,0,0,0,0,0,128,2,11398.6
5,0,1,1,0,60,256,0,9164.2
5,1,1,1,1,100,2,6,47445.8
4,1,1,1,0,60,64,8,124733.8
4,1,1,1,1,30,4096,6,49090.2
3,1,1,0,0,90,8,4,12430.0
2,1,1,1,1,90,128,8,102904.8
3,1,1,0,0,60,512,4,12116.4
2,0,0,0,1,90,1024,8,100726.4
4,1,0,1,0,20,32,2,35849.8
1,1,1,1,1,100,1,10,125038.4
2,0,1,0,0,100,32,6,87772.6
3,1,1,0,1,90,2,10,48792.8
3,1,0,1,1,60,4096,4,12067.4
1,0,1,0,1,40,256,4,11948.2
3,0,1,1,1,80,1,4,14416.8
5,1,1,0,0,40,32,6,47788.4
1,1,0,1,0,10,16,0,17766.0
2,0,0,0,0,10,2,10,80247.2
3,1,1,0,0,30,64,10,48833.2
3,0,1,0,0,10,8,10,48113.8
3,1,0,1,0,0,2048,2,15928.2
3,0,0,1,1,40,16,4,12271.4
4,0,1,0,1,80,16,10,120649.2
3,0,0,1,0,0,256,4,15876.0
4,0,0,1,0,70,16,8,125281.0
1,1,0,1,1,40,64,8,102931.4
3,0,1,1,1,70,1,4,14353.6
1,0,1,1,1,70,8,0,17744.6
2,0,0,0,1,70,2,2,7431.4
5,1,1,0,1,40,128,4,9142.4
4,0,0,0,1,20,128,2,9128.6
1,1,1,0,0,90,16,4,11860.4
2,1,0,1,1,20,4096,8,103897.8
2,0,0,0,0,100,16,10,94983.4
5,1,1,0,1,90,32,10,301339.0
2,0,1,0,0,90,4096,10,100450.8
2,0,1,0,0,70,16,10,95112.8
3,1,0,1,0,30,1024,0,12252.2
5,1,1,1,0,100,2048,0,9134.8
3,1,0,0,0,100,4096,10,48619.6
4,0,0,0,0,70,1024,4,12938.4
2,0,1,1,1,20,4,2,17607.6
1,1,1,1,1,90,2048,2,17762.8
2,1,0,1,1,10,2048,2,17678.2
4,1,0,0,0,40,1,6,34905.4
3,1,0,1,1,80,512,6,10636.8
3,0,0,0,1,30,16,10,47821.0
2,1,1,1,0,0,16,6,123533.2
5,1,0,0,1,10,128,0,9200.6
4,0,0,0,0,40,32,6,19914.8
2,0,1,0,1,30,16,6,85519.8
3,0,1,0,0,20,2048,10,49257.2
1,0,0,1,0,50,16,2,17681.6
3,0,1,1,1,10,64,4,12448.2
1,0,0,0,1,50,16,2,17700.0
3,0,1,1,1,60,256,10,48625.8
5,1,1,0,0,30,1024,0,9121.2
3,1,0,0,1,40,512,6,10663.0
2,0,0,0,0,10,512,4,5771.4
1,0,1,0,0,50,1024,4,11796.0
5,0,1,1,0,20,256,8,121911.0
1,0,1,1,0,80,64,0,17757.6
2,1,1,1,0,10,256,10,105632.0
2,1,1,1,1,30,512,2,17650.6
5,1,0,0,1,60,8,2,9200.6
4,0,0,0,0,30,64,4,13220.8
4,1,0,1,1,100,8,6,49435.6
1,1,0,0,0,80,16,4,11977.8
4,1,0,0,0,20,16,6,20668.8
3,0,1,1,1,50,2048,0,12086.4
4,1,0,0,1,40,32,4,13191.2
2,0,1,1,1,80,8,8,109272.0
3,0,1,1,0,60,512,10,48589.2
5,1,0,0,0,10,128,6,47510.6
2,1,0,1,1,90,32,4,11862.8
4,0,1,0,1,90,16,2,8979.4
4,1,0,0,0,40,2,0,9560.0
5,0,0,0,0,60,64,6,47658.2
1,0,0,1,0,90,64,8,102650.6
1,0,0,0,1,90,64,6,89877.6
3,1,0,1,1,80,1024,0,12165.4
2,1,0,1,1,10,128,0,17715.8
3,1,0,1,0,30,4,4,12908.8
5,0,1,1,0,60,1,8,120799.6
2,1,0,0,1,60,1,2,11216.0
5,1,1,0,1,70,256,0,9195.2
2,0,0,0,1,30,64,4,4573.8
4,0,1,0,0,70,1,2,10044.4
1,1,0,0,0,60,64,4,11836.6
3,0,1,1,1,20,128,6,10996.2
3,1,1,0,0,40,16,10,47924.2
2,1,1,0,0,80,32,4,4639.2
5,0,0,0,1,80,2048,10,299710.2
3,1,0,0,1,10,128,4,12395.2
1,0,1,0,1,10,16,8,96984.8
4,0,0,1,0,60,32,8,124816.6
3,1,1,1,1,0,4096,8,44360.2
3,0,1,0,1,50,8,2,12420.2
3,0,0,0,1,50,1024,10,48768.2
3,1,1,1,1,20,4096,10,49366.2
2,0,1,1,1,60,128,10,102839.4
1,0,0,1,1,50,16,6,93966.6
3,0,0,0,0,50,64,2,12255.2
5,0,0,1,0,20,4096,8,121570.6
5,0,0,1,1,80,2,4,9137.6
4,1,1,1,0,10,4,10,415680.6
4,0,0,0,0,10,128,2,9253.4
4,1,1,0,1,40,32,10,120224.6
4,0,0,1,0,30,2,10,416193.2
1,1,1,1,1,20,1,10,125354.6
2,0,0,1,0,40,128,8,102994.2
4,1,1,1,1,30,2048,8,124555.6
4,0,0,1,1,10,16,0,35819.4
4,0,1,1,0,40,512,8,124712.8
1,0,0,0,0,10,64,10,99539.8
5,1,0,1,0,70,512,8,121004.2
3,1,0,1,1,60,128,4,12098.6
5,1,0,1,1,10,64,0,9183.2
1,1,1,0,1,100,4096,0,17752.6
3,0,0,1,1,90,4,4,12757.2
3,1,1,0,1,50,64,8,38097.0
2,0,1,0,0,70,1024,6,84668.4
1,0,1,0,0,70,32,0,17670.4
4,1,1,0,0,70,1024,2,8925.2
5,0,0,1,1,50,256,6,47516.0
1,0,1,0,1,0,128,8,85247.0
3,1,1,1,1,100,128,4,12171.4
3,0,0,0,0,100,1024,2,12290.2
3,0,0,0,0,70,256,10,48362.0
4,1,1,1,0,50,4,4,43321.4
1,1,0,1,1,20,4,6,103608.6
5,0,0,0,1,90,32,0,9170.4
5,0,0,0,1,20,2048,4,9403.2
4,1,0,0,0,30,64,6,19944.4
1,0,0,0,1,90,32,8,98861.0
5,0,0,0,0,90,256,4,9135.0
3,1,0,1,0,80,2,6,15532.8
5,0,0,0,1,50,1024,0,9227.8
4,0,0,0,1,100,64,10,112323.2
3,0,1,0,0,60,64,2,12096.0
1,1,0,1,0,20,1,6,116358.4
3,0,1,0,0,60,256,4,12099.8
4,0,0,0,1,20,4,4,15187.2
2,0,1,0,0,0,4096,6,81816.8
1,1,1,1,1,80,8,10,109407.6
1,0,1,0,0,50,2,6,73332.2
4,0,0,1,1,90,1,4,42808.2
2,0,1,1,0,20,2048,4,12080.6
4,0,1,0,1,60,2,0,9606.0
3,1,1,1,1,70,128,8,38057.2
1,1,0,1,1,70,64,6,90895.2
1,1,1,0,0,60,8,6,76265.2
1,1,1,1,1,60,2048,0,17676.2
4,0,1,0,0,20,128,6,20318.0
1,0,0,1,0,0,2048,6,123442.4
2,0,1,1,1,0,128,8,131741.2
4,1,1,0,1,100,32,0,8913.0
4,0,0,1,0,80,64,4,43631.4
5,1,1,0,1,100,32,2,9183.4
4,0,0,1,0,90,1024,2,35952.8
3,0,0,1,0,50,4096,2,12192.8
4,0,0,0,1,90,8,8,48312.2
4,0,1,0,1,70,16,8,41850.6
1,0,1,1,0,100,512,6,90601.4
5,0,0,0,0,70,16,0,9120.8
1,0,0,0,0,0,8,4,18429.6
4,0,1,1,1,60,8,2,35796.0
2,1,1,1,1,50,4,6,103230.2
2,1,0,0,0,0,4,6,82284.6
3,1,0,1,1,30,128,8,38356.8
3,1,1,0,1,10,32,8,39316.0
3,0,1,0,0,30,4096,10,48734.8
3,1,0,0,0,90,1,4,14377.8
1,0,1,0,1,80,8,0,17901.2
5,0,0,0,0,40,64,4,9149.8
5,0,1,1,0,0,2048,2,9225.4
5,0,0,1,0,70,2048,8,121167.2
5,1,1,0,1,30,64,4,9127.4
1,0,1,0,1,10,16,6,85698.0
2,1,0,1,1,40,8,6,98546.6
5,0,0,1,1,90,128,2,9209.4
3,0,0,1,1,90,4,6,13563.6
5,0,1,0,0,100,1024,6,47563.6
2,1,1,0,1,80,32,4,4669.6
2,0,1,1,0,10,8,10,109603.8
4,0,0,0,0,60,8,4,13863.6
3,1,1,1,1,10,2048,10,50696.0
1,1,0,0,0,80,16,8,94946.4
4,1,0,1,1,30,512,4,43405.2
5,1,0,0,1,90,256,10,300112.4
3,1,1,0,1,0,64,2,16096.6
5,1,1,1,0,0,64,8,121217.2
1,0,1,1,0,40,32,10,103604.8
3,1,1,1,1,60,1024,6,10566.0
3,0,0,1,1,60,1,8,42635.2
4,1,0,0,0,80,2,0,9524.4
3,1,1,1,1,100,8,8,37371.8
4,1,0,1,1,30,256,6,49078.0
1,0,0,1,0,70,1,2,17646.4
1,1,0,0,0,70,256,2,17809.4
3,0,0,1,1,100,1024,4,12216.2
3,1,1,0,0,40,16,4,12514.8
1,0,1,1,1,60,128,6,90649.6
4,0,0,1,1,60,1024,6,49282.2
2,1,1,0,0,40,1,10,83519.0
4,1,0,0,1,10,16,6,21635.6
4,1,0,0,1,10,256,0,9270.4
4,1,0,1,0,10,8,0,35851.0
1,0,0,0,1,20,16,6,85543.4
3,1,1,1,1,30,32,10,48639.6
5,0,0,0,1,90,1024,4,9221.6
3,0,0,1,0,80,32,6,10874.8
2,0,0,0,0,50,64,8,101162.8
2,1,0,0,0,60,16,8,96170.0
4,1,1,1,0,20,512,2,35708.2
2,0,0,0,0,40,2048,0,4857.6
5,1,0,1,0,60,128,10,304211.0
4,1,0,0,1,80,512,0,8919.4
3,1,1,1,0,50,4,10,46742.6
2,0,1,1,0,20,16,8,105283.0
2,0,0,1,0,100,8,10,109333.6
5,1,0,0,0,0,512,0,9309.6
1,0,1,1,0,40,128,0,17702.8
2,1,1,1,0,10,1024,8,105539.6
4,0,0,0,0,70,2048,10,113244.8
1,0,1,0,0,30,512,0,17729.2
2,0,0,1,0,10,64,0,17680.8
2,1,1,0,1,80,1024,6,85389.6
5,0,0,1,1,50,32,4,9219.0
2,0,1,1,1,80,128,0,17662.2
1,1,1,0,0,70,256,6,89226.4
2,0,1,1,1,30,1024,0,17636.2
5,1,0,0,1,100,128,6,47659.2
4,1,1,1,1,50,4,4,43403.4
5,0,1,1,0,70,32,4,9248.6
1,1,0,1,1,100,4096,8,102563.0
1,1,0,1,0,0,256,2,17919.0
2,1,0,1,0,40,16,10,105338.2
1,1,0,1,0,40,4,4,12458.4
2,0,0,0,1,30,512,6,88846.4
1,1,1,0,0,30,256,10,100340.0
3,1,0,0,1,30,4096,4,12107.6
4,0,1,0,0,50,4096,10,113790.2
1,1,0,0,0,30,32,2,17729.6
1,0,0,0,1,60,1,8,83358.8
4,1,1,0,1,100,32,8,39717.6
3,1,0,1,0,80,32,0,12130.8
5,1,0,1,1,20,1024,8,121302.4
3,0,1,0,1,90,8,2,12346.4
1,1,0,0,0,30,4,8,80883.6
5,1,0,1,1,70,2048,0,9166.4
2,0,1,1,0,60,8,2,17662.6
5,1,0,1,0,10,16,0,9189.6
3,1,1,0,1,50,512,10,48704.2
5,0,1,0,1,70,256,2,9133.0
2,1,1,1,1,60,16,0,17680.8
2,0,1,0,0,90,256,8,100417.0
2,1,0,0,0,10,2,8,80261.4
4,0,1,1,1,70,2,4,43280.4
5,0,1,0,0,90,4,8,121415.6
3,1,1,1,1,40,2,2,13190.4
5,0,1,1,1,50,16,2,9148.2
3,1,1,0,0,30,16,6,10982.8
2,0,0,1,0,40,16,2,17663.4
3,0,0,0,0,50,4,8,37672.0
4,0,0,1,1,50,2,0,35902.4
4,1,1,0,1,10,64,0,9246.6
3,1,0,0,0,10,8,6,12149.2
5,0,0,1,1,60,2048,0,9210.0
3,0,0,1,1,80,8,6,12093.2
3,0,1,0,1,0,1,0,15842.8
1,0,0,0,0,50,16,4,11918.2
1,0,1,1,1,30,8,8,109387.8
1,1,0,1,0,60,1024,2,17731.0
1,0,0,1,1,30,32,6,92313.2
1,0,0,0,0,80,512,2,17680.4
4,1,0,1,1,70,256,8,124987.8
5,1,0,1,1,50,4,8,121350.2
5,0,1,1,0,40,512,8,122010.0
2,1,0,1,0,60,2048,4,11881.2
1,1,1,0,0,50,8,4,12153.8
1,1,1,1,0,100,64,2,17721.6
4,0,1,1,0,20,64,10,413867.8
5,1,0,1,1,60,32,6,47745.6
5,0,1,0,1,60,4096,0,9234.6
3,0,1,0,1,60,4096,10,48413.6
2,0,1,1,1,70,2,4,13276.8
2,1,0,1,0,70,64,10,102711.2
1,1,1,0,1,40,4096,10,101421.8
1,1,1,1,0,20,64,8,103839.6
3,1,0,1,0,0,256,4,16210.0
2,0,1,0,1,70,2,2,7533.8
1,1,1,0,1,80,16,0,17680.2
4,0,1,1,0,60,8,8,124505.8
4,1,1,1,0,100,16,4,43493.8
5,1,0,0,1,20,8,2,9207.8
2,1,1,1,0,100,2048,0,17670.2
1,1,0,1,1,0,1024,2,17972.2
1,0,0,0,1,70,4096,4,11842.4
5,1,0,0,1,30,64,2,9129.4
4,1,0,1,0,40,4096,10,413951.6
4,0,1,0,0,50,1024,4,13129.0
4,0,0,1,1,60,2048,10,414732.0
1,0,1,1,1,50,2048,4,11838.4
3,1,0,0,1,10,4,4,12902.2
3,0,0,1,0,30,16,0,12276.0
2,1,1,1,1,10,512,2,17679.8
1,0,0,1,0,100,256,10,102719.4
3,0,0,0,0,40,2,4,13129.8
3,1,1,0,0,50,4096,2,12134.2
4,1,1,1,1,30,2048,6,49097.2
4,0,0,1,0,80,16,10,415997.2
4,1,1,1,0,90,2,6,49051.8
4,1,0,1,0,50,2048,4,43537.8
4,0,0,1,1,10,4,0,35668.4
3,0,0,0,0,60,2,10,48974.0
1,0,0,0,1,40,32,8,99841.0
2,0,1,0,0,30,256,4,4564.4
5,1,0,0,1,10,1,6,47190.6
1,1,1,0,1,40,128,6,89321.0
2,0,1,1,1,100,8,2,17621.6
4,0,0,1,1,50,4,2,35865.0
4,1,1,1,0,20,2,2,35710.2
1,1,1,0,1,90,512,10,100517.6
1,0,1,1,1,90,16,2,17648.4
3,0,0,0,1,70,64,0,12229.2
1,0,0,1,1,10,4,6,103489.6
3,0,1,0,1,0,32,0,15966.4
3,1,1,0,0,50,4,4,12866.0
5,1,0,1,1,10,4096,8,121711.4
3,1,0,1,1,40,2048,4,12107.2
5,1,0,1,0,70,2,6,47538.8
2,1,1,1,1,80,512,0,17614.0
4,1,0,1,1,20,64,6,48898.8
2,1,0,0,0,30,512,4,4605.2
3,0,1,1,1,10,1024,2,12548.8
2,0,0,0,0,0,4096,2,11427.6
4,1,1,0,0,0,16,0,11872.8
1,0,0,1,0,50,2048,10,103000.8
5,0,0,1,0,80,1024,8,121328.6
1,1,0,0,1,80,128,6,89664.6
5,0,0,0,1,20,16,10,300194.4
3,1,1,1,0,20,128,8,38478.8
4,0,0,1,0,30,4,6,48923.4
1,1,0,0,1,30,1024,8,100762.8
2,0,1,0,1,60,8,0,5136.4
3,1,0,1,0,40,512,6,10644.8
5,1,0,0,0,30,2,0,9167.0
4,1,0,1,0,40,2048,8,124817.8
4,1,1,0,0,90,32,10,114913.4
5,0,1,0,0,50,128,2,9143.8
3,0,1,1,1,70,1,6,18201.2
2,0,1,0,0,50,256,0,4852.2
5,0,0,1,0,60,32,2,9181.0
5,0,1,1,1,20,2048,8,121312.4
5,1,1,1,1,0,256,4,9228.0
1,1,1,0,0,20,8,6,76373.0
5,1,1,0,1,70,1024,0,9198.2
4,0,0,0,0,80,128,6,19331.2
4,0,0,0,0,10,32,6,21602.4
3,0,0,1,0,100,128,4,12165.8
2,1,0,1,0,60,4096,10,102741.0
1,1,0,1,0,50,16,10,105593.0
3,0,0,0,0,20,16,6,11127.4
4,0,1,1,0,40,128,10,415122.4
5,1,0,0,0,0,256,6,47437.6
3,0,0,0,1,30,1,0,14370.6
3,0,0,1,0,30,512,2,12081.8
2,0,0,0,0,60,32,2,4800.0
5,1,1,0,1,70,8,4,9121.2
5,0,0,1,1,90,128,6,47689.4
4,0,0,1,0,10,512,10,415650.6
2,1,1,1,1,30,512,0,17612.2
3,0,1,1,1,10,256,10,50540.8
4,0,0,0,1,100,4,0,9363.4
3,1,1,1,1,70,128,10,48301.4
4,1,1,1,0,10,2,10,417681.0
4,0,0,0,0,20,512,0,9141.4
4,1,1,1,0,50,2,6,48830.6
2,1,0,0,0,100,16,6,84039.8
4,0,0,1,0,10,2048,8,124432.4
5,1,1,0,1,50,8,4,9197.4
1,1,1,0,1,0,8,4,18441.2
3,0,0,1,1,80,256,0,12149.4
5,1,0,1,0,60,32,2,9174.0
5,0,0,1,1,10,2048,10,299654.2
5,0,1,0,0,60,256,0,9134.2
5,1,0,1,1,50,1024,0,9206.4
3,0,1,0,0,40,1024,4,12023.6
3,1,0,1,0,10,1,6,18160.0
1,1,0,1,1,40,128,10,103038.6
3,1,0,0,0,70,512,8,38044.0
2,1,0,0,1,50,512,8,101077.8
5,1,0,1,1,0,8,6,47462.0
2,1,1,1,0,50,4096,4,11865.8
5,0,0,0,1,30,256,6,47472.2
4,1,1,1,0,50,4,6,49193.4
2,1,0,1,0,30,2048,4,11994.2
2,1,0,0,0,70,8,4,8927.0
3,1,1,0,1,60,32,4,12198.6
2,0,1,1,1,90,4096,2,17700.4
5,1,1,0,1,50,512,4,9180.2
5,0,0,0,1,10,512,0,9152.6
3,1,0,1,0,40,128,8,38105.0
4,0,1,0,1,80,8,0,9105.0
1,0,1,0,1,0,16,10,85300.4
5,0,1,1,0,20,16,4,9173.0
5,1,1,1,1,0,256,8,121568.2
2,0,0,0,1,50,4,6,73115.6
2,0,0,0,1,80,8,10,86240.2
5,0,1,0,0,90,1,6,47187.0
4,0,1,0,1,90,128,0,8895.8
2,1,1,0,1,10,2048,0,5735.2
4,1,0,0,1,30,32,8,41177.2
3,1,1,0,1,80,1,6,18310.8
2,0,0,1,1,60,64,0,17674.2
2,0,1,0,1,60,512,2,4709.6
5,0,0,0,1,0,8,8,121408.0
5,1,1,0,0,90,8,10,298363.6
1,1,0,0,1,30,4096,2,17710.8
4,1,1,1,0,90,2,0,35695.2
4,0,0,1,1,0,2048,2,35518.0
5,0,0,0,1,30,512,2,9177.2
1,0,1,1,1,20,2,0,17648.2
2,1,0,1,0,90,4,6,103078.0
4,1,1,1,0,50,256,0,35707.0
4,0,1,0,0,60,32,0,9026.2
2,0,1,0,0,10,1,0,11187.4
2,0,1,0,1,50,1,2,11158.8
5,0,0,1,1,50,2,6,47306.6
1,1,1,1,0,20,4,8,114178.0
2,1,1,1,1,70,64,0,17647.2
5,0,1,1,0,30,4,8,121178.8
3,1,1,1,0,10,2048,2,12510.8
1,1,0,1,0,10,4096,4,12397.2
5,0,1,0,0,20,8,0,9173.6
2,0,0,0,1,80,512,4,4325.8
1,1,1,1,0,70,4,4,12462.6
5,1,1,0,0,40,1024,2,9174.0
4,0,0,0,0,20,256,4,13813.2
3,0,1,0,1,60,1024,6,10522.6
3,0,0,0,1,90,4,2,12883.8
1,1,0,0,0,20,64,0,17741.8
4,1,1,1,1,60,1,8,123743.8
5,0,1,1,0,70,512,4,9248.6
1,1,0,1,1,70,32,2,17712.2
4,1,1,1,0,50,1,4,42729.6
2,0,0,1,1,80,16,10,105457.4
2,0,0,1,1,90,64,2,17646.8
2,1,0,0,0,90,16,0,4952.4
4,1,0,0,1,10,512,4,13845.0
2,0,0,0,1,70,16,8,95275.4
2,1,0,1,1,100,2048,2,17700.6
5,0,0,1,1,100,512,8,122174.8
1,0,1,1,1,100,4096,4,11727.6
1,0,1,1,0,30,512,6,91381.0
2,1,1,0,1,90,4096,4,4329.0
2,0,1,1,0,10,8,0,17739.6
4,1,0,1,0,10,8,4,43168.0
5,0,1,0,0,40,2,2,9151.4
2,1,0,1,0,40,1024,10,103068.2
2,1,1,0,1,40,1024,4,4635.0
2,0,0,0,1,0,1,0,11402.2
2,0,1,1,1,10,512,10,105506.8
2,1,0,1,0,10,1024,0,17632.8
3,1,1,0,0,20,64,2,12233.0
2,0,1,1,0,80,4096,4,11931.6
5,1,1,1,1,100,1,10,300618.6
3,0,0,0,0,30,1024,0,12155.0
5,0,0,1,0,20,1024,8,121363.0
3,0,0,1,1,70,8,2,12410.8
3,0,0,0,1,0,4,0,16020.4
5,1,1,0,1,100,1024,8,121940.0
5,0,1,1,0,30,4,2,9144.4
2,1,0,0,0,10,64,8,99723.4
1,0,1,1,0,100,256,8,102662.6
1,0,1,0,1,40,16,10,96192.8
1,1,1,1,1,40,128,2,17728.4
5,0,0,0,0,0,4096,6,47121.0
5,1,0,1,1,70,4,6,47451.2
3,1,0,1,1,0,32,4,16259.0
3,1,0,1,1,100,128,8,37828.0
2,0,0,0,0,100,1,4,14804.8
4,1,0,1,1,100,64,2,35950.8
5,0,1,0,1,20,2,6,47448.8
5,1,1,1,1,80,512,8,120778.8
1,0,1,1,1,20,8,8,109590.6
5,0,0,0,0,10,1,0,9096.8
5,0,0,0,1,80,1024,10,299835.6
4,0,0,1,0,50,64,8,124942.6
4,1,1,0,1,0,128,0,11869.4
2,1,0,0,0,60,16,0,4978.0
1,0,0,1,0,70,64,6,90816.0
2,1,1,0,1,0,1,8,85150.8
5,1,1,1,1,10,256,6,47583.8
3,0,1,1,0,10,32,8,39395.8
2,1,0,1,1,100,512,8,102721.2
2,0,1,1,0,80,32,6,91598.8
2,0,1,1,1,0,2048,4,18461.4
2,1,0,1,0,10,32,2,17685.2
5,1,0,1,1,50,64,0,9220.2
1,1,0,1,1,50,1024,6,90987.6
3,0,1,1,1,80,256,4,12136.8
4,1,0,0,1,100,2,4,15504.0
4,1,1,0,0,20,512,2,9131.6
4,0,0,0,0,100,32,0,8945.4
3,0,0,1,0,100,16,2,12232.0
3,0,0,1,1,0,128,0,16036.4
2,0,1,1,0,30,2048,8,103189.8
1,1,0,0,0,90,16,2,17810.8
4,1,1,0,1,70,1024,10,113418.4
4,0,0,0,1,100,128,2,8919.8
4,1,1,1,0,60,2,2,35876.6
4,1,1,0,1,40,32,2,8964.4
4,0,1,0,1,50,8,2,9132.8
4,0,0,0,1,90,1024,8,39242.2
3,0,0,1,0,30,32,8,38384.8
3,0,1,0,1,0,4096,0,15972.0
2,0,1,1,1,90,2048,4,11839.6
4,0,0,0,0,20,2048,4,13836.8
3,1,0,0,1,90,4096,0,12163.8
4,0,0,0,1,0,16,2,11896.8
3,0,1,1,0,40,64,0,12079.6
2,0,0,0,1,0,256,4,18013.2
5,0,0,0,1,40,32,10,300317.8
4,0,0,1,1,50,512,0,35643.8
5,0,1,1,0,90,1024,10,300870.6
3,1,1,1,1,60,128,8,38197.2
4,1,1,0,1,90,4096,10,111708.8
4,0,1,0,1,10,32,8,47131.4
2,0,1,0,0,50,4,8,80993.6
1,1,1,1,0,0,128,2,18047.2
5,0,1,0,0,30,512,8,121888.0
4,1,1,1,0,60,64,2,35823.8
2,0,0,0,1,70,512,10,100550.6
3,0,1,0,0,20,1024,8,38618.6
2,1,0,1,1,50,16,6,93793.6
1,0,0,0,1,50,512,10,101758.2
2,0,0,1,1,70,1024,4,11880.8
1,1,0,1,1,60,256,0,17755.8
1,0,0,1,0,70,2,4,13364.0
5,1,1,0,0,20,2,4,9120.0
5,1,1,0,0,20,4096,4,9119.2
3,1,1,1,0,80,2,0,13157.2
5,0,1,0,0,10,1,4,9071.4
2,1,1,1,1,40,256,8,103158.4
3,1,1,1,0,10,256,4,12326.6
4,1,1,1,0,10,32,6,48816.2
2,1,0,1,1,20,256,10,103599.2
4,0,0,1,0,0,4096,6,40930.6
4,1,0,0,0,20,4,8,51821.8
3,0,1,0,1,0,2,0,15942.2
3,0,0,0,1,80,1024,10,48642.6
2,1,0,1,0,100,16,2,17722.6
5,0,1,0,1,60,1,8,121149.4
4,0,0,0,1,100,2,4,15511.6
2,0,1,1,0,100,2048,2,17606.4
5,0,0,0,1,80,32,4,9145.2
5,0,0,0,0,30,2,0,9183.4
5,0,0,0,1,90,1024,10,301255.0
1,0,1,1,1,100,16,4,11900.4
2,0,0,0,1,90,16,8,95311.8
3,1,1,0,1,60,16,0,12234.8
2,0,1,1,1,20,32,2,17646.0
1,1,1,1,1,60,1,4,15227.8
1,0,1,0,0,60,2048,6,89931.4
5,1,0,0,1,20,1024,4,9161.4
2,1,0,1,0,0,2048,10,131641.0
1,1,0,0,0,0,128,4,18543.4
4,1,1,0,0,90,32,6,19414.0
2,0,0,1,1,30,32,2,17724.0
1,1,1,1,0,10,2048,4,12356.6
2,0,1,0,0,60,1024,6,88683.8
1,1,1,0,1,50,2048,6,89367.6
1,0,0,0,1,70,2048,10,100357.0
3,1,1,0,1,70,1024,8,37995.8
2,0,1,1,1,70,1024,4,11859.6
1,1,0,1,0,50,16,4,11965.0
5,1,1,1,0,30,256,6,47483.8
4,0,1,0,0,90,256,4,12771.6
4,1,0,0,0,100,2,6,26257.8
3,1,0,0,0,30,128,0,12372.4
1,1,0,1,1,90,4096,8,102990.2
4,1,1,0,0,30,1,10,265964.6
3,0,0,0,0,80,1024,8,38047.4
2,0,1,1,0,90,1024,10,103072.4
2,0,1,1,1,80,1,0,17592.4
5,0,1,0,1,40,32,0,9155.6
1,0,0,1,1,40,4096,4,11917.6
3,0,0,1,1,10,4,0,13080.8
3,1,0,1,0,0,256,2,15977.4
4,0,0,1,1,80,16,10,415635.2
2,0,1,1,0,100,256,2,17626.2
5,0,0,0,0,10,4,0,9143.0
4,1,0,0,0,0,8,2,11908.0
4,0,1,1,0,10,1,4,42479.8
2,1,0,1,0,40,4096,6,91033.0
1,0,1,1,1,10,1024,0,17717.4
1,0,1,0,1,50,2048,2,17685.2
4,1,1,1,1,30,128,0,35794.6
3,0,1,1,0,10,512,6,11853.0
4,1,0,1,1,50,8,10,415576.8
5,0,1,1,1,100,64,0,9143.4
1,1,0,0,1,0,4096,8,85437.6
5,0,0,1,1,10,1024,10,299064.6
2,1,1,0,0,30,512,8,100799.6
4,1,1,0,1,0,256,6,27603.8
3,0,0,1,0,60,4096,6,10622.0
5,1,1,0,1,40,2048,8,121836.2
2,0,0,0,1,10,16,6,85775.2
2,1,0,0,0,80,8,10,86120.2
4,0,1,0,0,70,16,0,8967.8
2,1,0,0,0,30,16,2,5025.0
5,0,1,0,1,90,2048,8,121699.0
5,0,0,0,0,90,16,2,9177.4
1,1,1,1,0,80,16,0,17660.2
5,0,1,1,0,0,256,0,9229.6
5,0,1,1,0,0,8,8,121249.6
2,0,1,1,0,0,1024,2,17783.0
4,1,1,1,1,30,512,2,35674.2
2,0,1,1,0,60,2,6,107348.2
5,1,1,0,0,60,64,2,9136.2
1,0,1,1,1,100,2,10,117647.2
2,1,0,1,0,60,256,6,90883.0
3,0,0,1,0,70,1,6,18416.4
1,1,0,1,1,70,256,2,17750.8
1,1,1,0,1,60,1,4,15216.8
3,0,1,0,0,100,4,6,13483.0
1,0,0,0,0,40,16,10,96382.4
4,1,0,0,0,30,64,2,9010.4
3,1,1,0,1,10,1024,2,12504.4
4,0,1,1,1,0,1024,4,39505.0
2,0,1,0,1,90,2048,0,4673.8
3,1,1,1,1,10,1,6,18419.6
3,0,0,1,1,90,2048,10,48223.6
1,1,0,0,0,100,512,8,101602.8
4,0,1,0,0,30,2,6,26629.2
1,1,0,1,1,90,4096,6,91116.2
3,0,1,0,0,100,32,4,12147.2
5,0,0,1,1,70,512,6,47599.0
3,0,0,1,1,100,8,4,12407.2
5,1,1,1,1,70,2,6,47236.2
1,0,0,1,0,30,2,8,117411.8
1,0,0,1,1,30,16,8,105181.8
4,0,1,1,0,80,1,4,42724.0
5,1,1,0,1,10,64,0,9130.8
2,1,0,1,1,90,512,6,91153.2
2,0,0,1,0,60,2048,6,90889.0
4,1,1,1,0,60,4,4,43669.8
1,1,1,1,1,80,4096,2,17707.8
3,1,0,1,1,10,2048,6,11706.6
2,0,1,1,1,50,2048,0,17641.2
3,1,0,1,0,50,512,2,12176.2
2,1,0,0,0,60,128,2,4723.4
5,0,1,1,0,70,8,4,9097.2
2,1,1,1,0,80,32,0,17671.6
4,1,1,0,0,20,32,8,42260.8
2,1,0,0,0,70,512,8,100515.8
2,1,1,0,0,40,16,10,96453.6
3,1,0,1,1,40,512,0,12098.8
3,0,1,1,0,0,2048,6,20772.8
2,0,0,0,0,20,4,10,80761.0
4,1,0,1,1,90,8,0,35643.8
5,0,0,0,1,100,16,6,47580.4
4,1,1,1,0,70,32,2,35857.4
5,1,0,1,1,80,32,8,121035.8
3,1,0,0,1,10,128,6,11726.2
2,1,0,0,1,0,4096,10,85325.2
2,0,1,1,1,30,1,10,125369.4
5,1,1,0,0,80,1,2,9089.0
5,1,0,0,1,40,2048,10,302501.4
4,0,0,0,1,70,8,0,9130.2
3,1,0,0,1,100,1,6,18250.6
4,0,1,1,0,100,512,6,49493.6
4,1,0,0,0,80,128,4,12795.0
4,0,0,1,0,90,2,4,43495.2
3,1,0,1,1,50,2048,8,38172.8
1,1,0,1,0,10,2,4,13468.2
3,1,0,0,0,30,64,4,12347.2
5,1,1,1,0,20,64,8,121794.0
5,1,1,1,1,10,512,6,47689.0
2,0,1,0,1,0,8,8,85628.8
5,0,0,0,1,50,16,0,9224.6
4,1,1,0,0,40,2,6,26534.2
2,1,1,1,1,30,512,8,103482.0
5,0,1,1,0,90,8,8,121176.8
1,0,1,1,0,40,4096,4,11892.0
1,1,0,1,0,0,64,0,17902.4
3,1,1,0,1,90,32,0,12247.8
5,1,0,1,0,80,1024,4,9176.2
2,1,1,0,0,100,32,8,99567.6
1,1,1,0,0,60,32,6,88038.6
4,0,1,1,0,10,1,10,418376.2
5,1,1,1,0,90,4096,10,300797.8
2,1,1,0,1,70,512,4,4383.4
3,0,0,0,1,90,32,2,12137.6
4,0,0,0,0,20,1,4,20290.0
2,1,1,0,0,40,8,2,5246.4
3,1,1,1,1,40,4096,6,10731.6
2,1,1,1,0,10,32,6,94184.6
2,0,0,0,1,50,2048,0,4887.6
5,0,1,1,1,70,64,0,9211.8
1,1,1,1,0,40,2,4,13313.0
3,0,0,0,0,90,256,4,12060.0
3,1,1,1,0,70,4,4,12858.4
2,0,0,1,0,50,2,8,117342.2
1,1,1,1,1,10,8,6,98866.2
3,1,1,1,1,90,128,10,48348.6
5,1,1,0,1,50,1,0,9110.8
5,0,0,1,0,30,4096,6,47604.4
3,1,1,0,1,40,512,6,10587.8
1,0,1,1,1,10,256,2,17732.6
3,1,1,0,1,40,256,0,12127.8
2,0,0,0,0,60,32,0,4792.8
4,0,0,1,1,80,8,4,43650.6
3,0,0,0,1,30,8,8,37646.2
2,1,1,0,1,70,64,8,101233.8
1,0,0,1,0,40,1024,8,103032.2
1,1,0,1,0,60,2048,2,17767.0
5,0,0,1,1,60,16,10,300572.8
1,1,1,1,1,0,1024,8,131683.4
5,1,0,1,1,90,1024,8,121944.4
2,1,0,0,0,60,64,6,89782.0
1,1,0,1,0,90,64,8,102755.6
3,1,1,1,1,80,4,2,12928.2
1,0,1,0,0,70,4,4,12431.2
4,1,0,0,0,70,4,6,23433.6
3,1,0,1,1,40,1,2,14363.2
1,1,0,1,0,40,32,0,17749.4
4,0,1,1,1,50,256,10,415551.4
1,1,0,1,1,80,2048,8,102623.2
2,1,0,1,0,80,256,4,11918.8
5,1,0,1,0,30,4096,0,9181.6
1,0,1,0,0,90,16,8,95135.4
2,0,1,1,1,30,4,10,114114.2
4,0,0,0,0,40,256,10,118907.6
2,1,1,1,0,40,128,0,17648.6
3,0,0,0,0,90,1024,8,37694.6
4,0,0,0,0,40,32,4,13174.6
1,1,1,0,1,40,512,10,101220.8
1,0,0,0,0,20,1024,2,17742.8
2,0,0,1,1,100,8,6,98938.6
4,0,0,0,0,60,4,6,23511.6
3,0,0,0,1,90,8,6,12081.0
4,0,1,1,0,70,256,2,35897.0
1,0,0,1,1,0,2048,4,18529.0
2,0,0,1,1,90,8,6,98564.8
4,1,1,1,0,20,4096,4,43254.4
2,1,0,0,0,0,4,10,85496.6
5,1,0,0,1,60,128,4,9189.8
4,0,1,0,1,80,256,10,112919.8
2,0,1,1,1,0,2,6,123794.4
5,1,1,0,1,40,4096,2,9126.0
5,0,0,1,0,10,4,2,9173.8
2,1,0,0,1,90,16,10,95127.6
1,0,0,0,0,50,128,8,101487.6
4,0,0,1,1,80,128,0,35582.8
1,1,1,1,1,70,32,0,17679.0
5,0,1,0,0,20,32,4,9139.8
3,0,1,1,1,70,256,4,12243.8
1,0,0,0,1,20,64,10,101333.4
5,0,1,1,1,50,32,4,9097.4
2,1,0,1,0,70,1,4,15289.4
4,0,1,1,0,80,8,2,35732.4
5,0,1,0,0,70,8,10,298730.4
5,1,0,0,0,70,256,6,47856.0
1,0,1,1,0,60,32,0,17675.0
5,0,1,0,0,30,64,8,121785.8
2,1,1,0,1,30,512,4,4548.4
3,1,1,0,0,50,32,10,48672.8
4,0,0,1,0,20,1,6,48360.4
4,0,0,1,1,40,4096,2,35868.0
1,0,1,1,1,100,64,10,102860.6
4,0,1,1,0,30,2048,6,49187.8
2,1,0,0,1,40,2,6,73882.2
4,1,1,1,1,30,16,2,35915.6
5,1,0,0,1,80,16,0,9125.8
3,1,0,0,1,100,2048,2,12149.0
4,1,0,0,0,40,2048,6,19821.0
5,0,1,1,1,20,256,6,47577.6
5,1,0,0,1,10,1024,10,301545.6
4,0,1,0,0,50,16,8,41967.6
4,0,0,1,1,20,1024,0,35760.4
4,0,1,1,0,30,128,4,43377.8
3,0,0,0,1,30,128,10,48796.4
3,0,0,1,1,50,1,0,14257.8
2,0,0,1,0,40,512,2,17670.2
2,0,0,0,1,0,16,2,11451.6
4,1,1,1,1,20,8,10,415365.0
5,0,0,1,1,30,16,6,47500.0
3,1,1,0,1,20,1,10,50369.6
5,0,0,0,0,100,4,0,9255.2
2,0,0,0,0,100,4,10,81116.6
3,1,0,0,1,30,4096,6,10606.0
2,1,1,0,0,20,2048,0,5033.8
3,1,0,0,1,40,2,0,13212.4
4,1,0,0,0,40,128,6,19816.0
2,1,0,0,0,60,256,0,4715.8
3,1,1,0,0,40,4096,2,11998.6
1,0,0,1,1,100,4,0,17721.0
1,1,0,0,0,60,4,2,17767.4
5,0,1,0,1,30,8,10,299566.6
3,0,0,0,0,60,4,10,46660.8
4,0,0,0,1,40,512,10,118919.4
3,0,0,0,1,20,4,6,13625.2
5,0,1,0,1,60,4096,2,9109.0
3,1,1,0,0,100,512,10,48425.6
1,0,1,0,0,0,512,8,85233.2
5,0,0,0,0,10,1024,10,299905.4
1,1,0,1,1,90,4,6,103268.2
2,0,1,0,1,10,128,6,88300.8
3,0,1,0,1,0,128,0,16059.8
1,0,1,1,0,90,32,4,11858.6
1,1,1,0,1,20,1024,2,17889.6
4,0,1,1,0,0,1,10,421254.6
1,1,0,1,1,50,8,2,17716.4
1,1,1,0,0,0,512,4,18492.2
5,1,1,0,1,70,32,0,9203.6
3,0,1,0,0,30,4096,6,10728.0
1,1,0,0,0,40,16,8,96276.6
5,1,0,0,1,30,4096,0,9120.4
5,0,0,1,0,50,128,10,302077.8
1,1,0,0,0,40,64,10,101938.2
2,1,1,1,0,20,16,10,105337.8
4,0,1,1,0,60,8,4,43581.6
4,1,0,0,0,60,256,8,39079.4
5,1,1,1,0,40,1024,10,302674.0
5,0,1,1,0,40,2048,10,302931.6
1,0,1,0,1,70,1024,8,100421.4
4,0,0,1,1,100,4,6,49216.0
5,0,0,1,0,30,1024,6,47471.8
3,0,0,1,1,10,64,8,39457.2
2,0,0,0,0,80,4096,6,85332.4
4,1,0,1,1,40,2,6,48588.0
1,1,1,0,0,10,256,0,17716.6
3,0,1,1,0,60,4,8,37528.8
3,1,1,1,0,60,1,2,14376.8
3,0,0,0,1,10,2048,6,11830.6
1,0,0,1,0,10,128,6,93621.6
1,1,1,0,1,30,8,4,12182.0
5,1,1,0,1,20,256,0,9140.8
3,0,0,0,0,10,2,0,13306.8
4,0,1,0,0,40,512,0,8957.2
5,1,1,1,1,100,32,8,121413.2
3,1,0,0,0,60,1024,8,37906.0
2,1,1,1,0,30,8,0,17628.6
2,1,1,1,1,70,2,0,17686.0
2,0,1,0,0,80,256,8,101186.0
5,1,1,1,1,0,2048,2,9274.8
1,1,0,1,1,20,64,2,17870.6
3,1,1,0,1,10,512,8,39468.2
4,0,1,0,1,30,4,0,9389.8
2,1,0,0,0,100,1024,10,101465.0
2,0,0,1,0,70,4,4,12477.4
2,0,1,1,0,50,2,2,17563.0
4,1,0,1,1,30,128,2,35667.6
2,0,0,0,1,100,1024,10,101514.4
5,0,0,0,0,40,128,8,121940.0
4,1,0,0,0,10,64,0,9257.2
4,1,0,1,0,100,512,8,125120.8
1,1,1,0,1,80,2,2,17650.2
2,1,1,1,0,80,1,4,15272.6
5,1,1,0,1,80,512,10,298174.8
1,0,0,1,0,60,16,4,11955.6
3,0,0,0,1,50,16,8,37875.0
5,1,1,1,0,20,32,0,9167.8
4,0,1,0,0,20,512,0,9122.4
2,1,1,0,0,80,32,8,100016.2
2,0,1,1,1,20,256,6,91749.6
2,1,1,1,0,10,2048,10,105548.8
5,1,1,1,1,30,4,8,121157.0
3,1,0,0,1,90,256,0,12105.8
3,1,1,0,0,90,256,4,12153.6
2,1,1,1,0,60,4096,4,11821.2
2,0,0,1,1,10,1024,0,17751.0
1,1,0,1,1,50,2,6,107323.2
2,0,0,1,1,10,512,2,17668.2
1,0,0,0,1,90,4,6,73087.4
4,1,1,0,1,70,64,4,12909.4
5,1,1,0,1,80,4096,6,47511.2
5,0,0,1,0,40,16,2,9191.8
4,1,0,0,1,70,512,4,12876.8
5,0,1,1,1,80,128,0,9184.6
4,0,0,0,0,70,128,8,39279.8
5,1,0,1,0,100,64,6,47590.2
4,1,1,1,1,20,256,10,413595.0
1,1,0,1,1,80,2,10,117598.2
2,0,0,1,1,20,4096,6,91818.8
5,0,1,0,0,20,256,10,301173.0
3,0,1,1,0,100,2048,0,12109.6
4,0,1,1,0,10,4,10,415711.0
4,0,0,0,0,80,4,8,51395.2
5,1,0,1,0,50,256,10,300426.2
2,1,1,0,0,70,2048,6,84704.6
5,1,0,0,0,10,128,4,9141.0
5,0,1,0,1,0,512,0,9225.8
5,1,1,1,0,40,2048,8,122306.8
1,0,1,1,1,60,1024,8,102683.0
1,1,0,1,1,80,512,10,102830.8
3,1,0,0,1,100,512,4,12057.4
1,0,1,0,0,60,128,10,101592.4
5,0,0,1,1,100,64,4,9132.0
5,0,1,0,1,100,64,10,301252.6
3,0,0,1,0,60,8,10,47621.8
1,1,1,0,0,80,8,0,17770.8
1,1,0,1,1,100,128,8,102767.4
4,0,0,0,1,80,4096,2,8937.0
3,0,1,0,1,80,2,4,13148.6
4,1,0,1,0,20,2048,0,35704.6
2,1,1,0,1,50,2,6,73469.8
4,1,1,1,1,30,64,0,35871.2
2,1,0,0,1,80,512,4,4304.8
5,0,1,0,0,10,128,6,47838.0
5,1,1,1,1,30,1024,10,302485.2
4,0,1,0,0,10,64,4,13890.6
4,0,1,0,1,30,256,0,8992.6
4,1,1,1,1,50,16,4,43511.0
3,1,1,0,1,60,4096,0,12260.4
4,0,0,0,0,100,1024,0,8912.6
3,1,1,0,1,50,512,6,10718.0
2,0,1,0,1,10,32,10,98523.8
1,0,0,0,1,40,2,10,80293.0
3,0,1,1,0,30,512,10,48673.4
2,0,0,1,1,0,1,8,131479.2
4,0,1,0,0,40,256,10,119002.8
4,0,0,1,1,100,8,6,49306.6
3,1,0,1,1,70,4096,6,10790.0
5,1,1,0,0,50,2,10,300476.2
1,1,0,1,0,0,32,10,131766.6
4,1,0,0,0,80,8,8,48056.6
2,1,1,0,1,50,32,2,4863.6
3,1,1,1,1,100,256,0,12132.6
3,0,0,0,0,70,1,6,18246.4
5,0,0,0,0,30,2,6,47483.6
5,1,1,0,0,10,4096,10,299777.0
4,0,0,1,1,40,16,8,124894.4
3,0,0,1,0,60,1024,2,12087.6
3,1,1,0,1,70,128,10,48298.2
2,1,1,1,0,100,256,10,102904.8
1,0,0,0,1,100,8,4,12209.8
2,0,0,0,0,50,32,8,99663.2
4,0,0,1,0,100,256,0,35716.2
3,0,1,1,1,60,2,0,13208.2
3,1,0,1,1,90,64,10,48488.4
1,0,1,0,0,100,2048,6,89256.2
2,1,0,1,1,60,128,4,11867.8
5,0,1,1,1,0,2,8,121321.8
5,0,0,0,0,100,4096,2,9119.0
2,0,0,0,0,0,16,6,82364.8
2,1,0,1,0,10,2,8,118004.8
5,0,0,1,0,10,8,4,9216.6
1,0,0,0,0,40,128,2,17628.8
1,0,0,1,1,30,2,2,17667.6
2,0,0,1,0,90,64,2,17665.4
4,1,0,0,0,0,2048,6,27536.2
2,0,0,0,0,40,4096,10,101691.8
4,0,1,0,1,40,32,8,41357.8
4,1,1,0,0,100,2,2,9514.8
2,0,0,0,0,60,2,10,80356.8
2,1,0,0,1,30,64,4,4596.6
2,1,0,1,0,0,256,6,123704.6
4,1,1,1,0,90,4096,8,125425.4
5,0,0,1,0,50,2048,0,9141.8
1,0,1,1,1,20,4,0,17673.6
2,1,1,1,0,60,1,2,17577.6
4,1,1,1,0,60,1,8,123446.6
1,1,1,1,1,40,2,10,117386.2
5,0,0,0,0,100,4,4,9135.6
5,0,1,0,1,10,4096,8,120918.2
2,1,1,1,0,80,64,10,102842.0
3,1,1,1,1,70,4,10,46672.6
1,1,0,0,0,70,4,6,72715.4
4,1,1,1,0,70,2048,0,35941.6
4,0,0,1,1,70,2048,2,35686.2
5,0,0,0,0,30,512,2,9149.8
4,0,1,0,0,100,512,2,8899.0
5,1,0,1,1,80,1024,6,47881.0
1,1,0,0,0,80,1,4,15314.0
2,1,0,1,0,40,256,0,17658.2
2,0,0,1,1,20,8,6,99091.4
1,1,1,1,0,10,8,6,98713.2
5,1,1,1,1,100,8,8,121454.2
1,1,1,0,0,80,4096,6,89894.8
5,0,0,1,1,30,128,10,300146.8
5,1,0,1,1,60,64,6,47698.4
1,0,1,1,1,30,32,6,92152.2
1,0,0,0,1,70,128,2,17846.6
3,1,0,0,0,10,4096,2,12430.4
1,0,1,1,1,80,2,2,17681.4
4,0,0,0,0,70,4,6,23407.8
1,1,1,0,0,30,1024,4,11905.0
4,0,1,1,0,20,8,6,48865.4
3,0,1,0,0,50,64,2,12042.2
1,0,1,0,1,40,1024,0,17717.2
1,1,0,1,1,70,256,10,103009.4
4,1,1,1,1,100,16,10,414157.2
2,1,0,0,1,0,128,0,11403.4
2,0,1,1,0,80,1,10,125250.4
2,1,0,0,0,20,2048,10,101303.0
3,0,1,1,1,0,32,8,44229.6
5,0,1,0,0,70,1,6,47133.8
4,0,1,1,1,90,16,10,416905.8
5,0,1,0,0,90,256,0,9212.2
5,0,0,1,1,100,2048,0,9189.4
2,1,0,0,1,30,32,2,4960.2
1,1,1,0,1,80,2048,0,17712.0
1,0,0,0,1,30,4,6,72667.6
2,0,0,0,1,30,4,8,81032.0
2,1,0,1,0,90,512,8,102881.6
2,0,0,1,1,60,16,2,17773.2
1,1,0,1,1,90,4096,2,17798.0
5,1,0,1,1,30,4096,10,300813.4
1,0,0,0,0,60,256,6,89474.2
5,1,1,1,0,10,2048,0,9142.4
2,0,0,1,1,0,32,8,131669.0
3,0,1,0,0,20,4,10,46829.8
2,0,0,1,1,40,256,2,17630.6
5,1,0,0,0,100,512,10,302657.6
1,0,1,1,0,10,2,0,17759.6
3,1,1,1,0,50,4,4,12924.4
5,1,0,0,1,0,16,2,9197.6
5,0,0,0,0,80,32,8,121232.4
4,1,0,1,0,70,32,10,414599.8
2,1,1,0,0,20,128,6,89148.6
1,0,0,0,0,0,512,4,18430.0
5,0,0,0,1,70,2048,8,121566.0
4,1,1,1,0,30,8,8,124692.8
5,1,0,0,0,80,4,8,121710.0
1,1,0,0,1,40,8,2,17722.4
5,1,1,1,1,0,2,6,47300.2
2,0,1,1,1,80,512,4,11853.0
5,1,1,1,1,70,1024,8,121295.0
1,1,0,1,1,30,4096,6,91551.6
5,0,1,1,1,60,512,2,9207.0
2,1,1,0,1,60,512,10,101776.2
1,0,0,1,0,20,1024,10,103756.6
3,1,1,0,0,80,2048,10,48598.0
1,1,0,0,1,0,64,4,18538.0
4,0,0,1,0,40,16,8,124793.8
1,1,1,0,0,70,2,6,73471.6
5,0,1,0,0,90,1,4,9110.8
5,0,0,0,0,60,1,10,297810.8
5,0,0,0,0,0,8,2,9235.4
3,1,1,0,1,100,4096,0,12188.6
2,0,0,1,1,0,2,2,17831.0
3,0,0,0,0,100,256,6,10601.4
1,0,0,1,0,80,4096,2,17701.8
2,0,1,0,0,60,64,2,4699.4
5,1,1,1,0,0,32,2,9253.8
4,1,0,1,0,70,512,6,49644.0
4,1,1,0,0,100,256,8,38915.8
2,0,1,0,1,20,4,2,5678.8
4,1,1,0,1,50,2,2,9530.0
4,1,0,0,0,70,1,6,34854.4
5,1,1,0,1,80,16,0,9136.6
5,1,0,1,1,60,16,8,120985.6
5,1,0,0,1,60,128,10,303197.6
3,1,1,0,0,40,32,6,10717.8
1,0,0,0,1,30,32,8,98838.0
4,1,1,1,0,10,2048,4,43104.6
2,1,0,1,1,50,128,10,102888.2
5,1,1,1,0,50,4096,4,9199.8
3,1,0,0,1,70,1024,0,12147.4
2,0,0,0,1,30,1,0,11219.8
3,1,1,1,1,50,2048,2,12089.0
1,0,0,0,0,100,128,0,17717.8
3,0,1,0,0,70,1024,0,12265.2
5,0,1,1,0,0,512,4,9205.8
1,1,1,0,1,100,4096,4,11722.6
3,1,0,0,0,0,1,8,44384.6
2,1,0,0,0,0,32,6,82156.4
2,1,1,0,0,0,32,2,11373.4
3,1,0,0,1,90,64,6,10487.8
2,0,1,1,1,90,1024,0,17618.8
3,0,0,1,0,90,2048,10,48541.0
1,0,1,0,1,100,16,10,95139.0
3,0,0,1,1,70,8,4,12382.4
4,0,1,1,1,50,64,6,49500.6
2,0,0,0,1,30,32,2,4964.6
4,1,1,0,1,80,4096,4,12743.2
3,0,0,0,0,80,8,4,12462.0
1,0,0,1,1,20,16,8,105338.4
4,0,1,0,0,20,512,2,9101.0
5,0,1,0,0,40,32,10,300443.6
5,0,1,0,1,100,512,2,9145.0
3,1,1,0,0,40,64,10,48841.6
4,1,1,1,1,80,1,0,35708.8
3,1,0,0,0,70,1,4,14373.2
2,1,1,0,0,60,4,0,5387.0
5,0,0,0,0,90,32,0,9201.6
2,0,1,0,0,30,8,10,86335.4
4,0,1,0,1,30,1024,10,119512.4
3,1,1,0,1,60,2,10,48866.0
3,0,0,0,1,10,16,10,49529.2
4,0,1,0,0,30,8,4,14114.0
2,0,1,1,1,80,4096,6,90682.8
4,0,0,1,0,80,16,0,35912.6
5,1,0,1,1,20,16,2,9250.8
1,1,1,1,0,30,2048,10,103254.8
3,1,1,1,1,0,128,4,15910.6
4,1,1,0,1,40,64,10,119073.6
1,0,1,1,1,30,2,6,107257.4
5,0,0,0,0,30,1,4,9153.0
5,0,1,1,1,40,512,8,122179.4
2,0,0,1,0,50,4096,6,90993.0
2,0,0,1,0,60,256,2,17672.4
4,0,0,1,1,90,2,10,416003.0
1,1,1,0,1,30,2048,8,100070.4
5,0,0,1,0,0,256,6,47394.4
2,1,1,0,1,90,256,10,100653.2
5,1,1,1,0,40,4,2,9193.6
5,1,0,0,1,60,256,10,302305.6
5,0,0,0,0,20,16,2,9342.0
5,1,1,1,0,60,16,8,121918.6
2,0,0,1,0,80,256,8,102845.6
2,1,1,1,0,0,4,2,17941.0
2,1,1,1,0,90,2,8,117331.0
2,1,0,1,1,0,1024,6,123925.6
2,1,0,1,0,10,256,8,105622.8
5,0,0,0,1,70,256,4,9225.8
2,1,1,1,0,100,4096,10,102568.0
3,1,0,0,1,0,256,8,44188.8
2,1,0,1,0,90,8,2,17764.2
3,1,1,1,1,90,1,2,14500.8
5,0,0,0,0,30,4096,2,9137.4
2,0,0,1,0,100,256,4,11815.8
3,1,1,1,1,80,16,6,11362.4
1,1,0,0,1,50,1,6,78650.2
2,0,0,1,0,70,128,4,11929.6
3,1,1,1,1,50,512,2,12125.6
2,0,1,0,0,40,2048,2,4873.6
4,1,1,1,1,20,4096,0,35803.4
3,1,1,0,0,20,32,10,49267.6
2,0,0,0,1,60,64,2,4721.0
5,1,0,0,0,40,1024,10,302051.8
1,1,0,1,1,10,128,8,105650.2
3,1,1,0,0,50,64,8,38160.0
4,0,1,1,1,40,1024,6,49198.4
2,0,1,1,0,70,4,8,114236.4
4,0,1,0,0,20,16,0,9145.6
3,1,1,1,1,0,1024,10,48240.4
1,1,1,1,1,40,4096,8,102941.0
4,0,0,1,1,70,32,0,35921.0
4,0,1,0,0,80,1,8,82071.0
5,1,1,0,1,40,1,8,120607.6
1,1,1,1,1,0,2048,8,131829.6
4,0,1,0,0,100,16,4,13091.6
1,1,0,1,0,10,256,4,12357.6
5,1,0,0,0,60,2048,2,9176.4
2,0,0,1,1,70,4,0,17603.2
4,1,0,1,0,90,4,0,35732.2
1,0,0,1,1,80,4096,10,102620.6
5,1,1,1,1,20,128,10,300781.0
1,0,1,1,0,20,1,8,125660.4
3,0,0,0,1,60,128,10,48579.4
5,1,1,0,1,90,2048,8,121690.2
4,0,1,1,1,100,128,0,35860.4
5,1,0,1,0,40,64,10,301420.2
5,1,1,1,0,60,4096,2,9224.2
1,0,1,0,1,70,512,6,89285.8
3,0,1,1,0,10,2048,10,50538.2
1,1,1,1,1,10,4096,4,12337.8
2,0,1,1,1,90,2048,2,17645.4
2,1,1,0,1,20,128,8,101305.8
2,1,1,0,1,0,4096,8,85410.0
5,0,1,0,1,90,16,8,120949.0
5,1,1,1,0,70,2048,4,9166.6
4,1,0,1,0,20,128,2,35568.2
2,1,1,0,1,50,16,2,4978.8
2,1,1,0,1,30,8,0,5209.2
2,1,1,0,1,50,128,4,4550.4
2,0,0,0,1,60,64,4,4453.4
2,0,1,0,0,60,4,2,5412.4
2,1,0,1,1,60,64,10,102804.6
3,1,1,1,1,90,4,10,46547.4
2,1,1,1,0,60,512,6,90799.0
5,1,0,1,0,40,4096,0,9159.2
1,1,0,1,1,60,8,0,17697.8
3,0,0,0,0,10,4,10,47149.4
4,1,1,1,0,70,8,10,416286.0
5,0,0,1,1,30,32,10,302378.4
2,0,0,1,0,20,256,2,17791.2
3,0,0,1,1,10,128,8,39370.0
3,0,1,1,0,60,2,2,13072.6
2,1,1,0,1,90,64,6,89379.6
5,0,0,0,1,80,1,10,299312.6
1,0,1,1,0,10,256,10,105580.8
5,0,0,1,1,100,2,10,298574.2
2,0,1,1,0,30,1024,0,17598.0
4,1,1,1,0,60,4096,10,415025.6
4,0,0,1,0,70,2048,4,43574.0
1,1,0,0,0,60,32,2,17826.8
5,0,0,0,0,90,128,2,9139.6
3,0,0,0,1,20,64,10,49454.2
4,1,0,0,0,20,32,6,20336.2
1,1,0,1,1,20,4,0,17701.0
3,1,0,0,1,0,4096,10,48250.6
1,0,1,0,1,90,512,2,18075.0
4,1,1,1,0,80,4096,8,125215.8
3,0,0,0,0,50,4,0,12939.0
4,0,1,1,0,80,128,8,125084.4
5,0,1,0,1,90,64,6,47587.6
1,1,1,1,0,70,256,0,17758.0
5,0,0,1,1,60,8,2,9198.6
3,0,0,1,0,40,2,6,15546.2
4,1,1,0,0,0,4096,10,274780.2
2,0,0,1,1,60,2,0,17646.2
1,0,0,1,0,10,512,2,17701.4
5,1,0,0,0,100,512,6,47471.0
1,1,1,1,1,80,4096,10,102598.4
3,1,1,0,0,90,2048,6,10637.2
2,1,1,0,1,70,4,6,72882.4
4,0,1,1,0,20,4,6,48616.8
5,1,0,1,1,10,2,8,121006.4
5,0,1,0,1,50,2,10,299098.2
5,1,1,0,1,20,4096,0,9166.6
3,0,1,1,0,20,64,10,49360.4
4,0,1,0,0,10,4,8,54112.4
3,1,1,1,0,20,16,4,12158.6
1,1,1,1,1,100,1024,2,17789.8
4,0,0,1,0,0,32,4,39617.2
1,1,0,0,0,0,32,8,85166.6
2,1,0,1,1,50,1,4,15257.2
3,0,1,0,0,80,32,4,12089.4
2,0,0,0,1,30,2,4,12793.6
4,1,0,0,0,0,1024,10,274848.8
2,0,1,0,0,40,512,0,4864.0
5,1,0,1,1,40,4,4,9165.8
1,0,1,0,0,70,64,10,101383.2
4,1,0,1,0,70,256,6,49524.6
5,1,0,0,0,100,256,0,9248.2
3,0,1,1,0,20,64,0,12410.0
3,1,0,1,0,20,8,4,12404.0
4,0,1,0,1,10,128,2,9258.0
4,0,0,1,0,40,1024,10,417081.0
5,1,1,1,0,40,4,4,9157.0
4,0,1,1,1,60,2,8,124449.6
5,0,0,1,0,20,2,8,121503.0
5,0,1,1,0,60,128,4,9132.0
2,1,1,1,1,80,32,10,103454.0
1,0,0,1,0,60,1,2,17647.8
5,1,1,1,0,20,4096,0,9159.4
5,0,1,1,1,100,1024,0,9170.6
3,1,1,1,1,50,1,8,42691.2
1,0,0,0,1,20,8,10,86144.6
5,0,0,0,1,60,4096,0,9177.4
3,1,1,1,1,30,4,2,12863.8
3,1,1,1,1,30,2,2,13098.6
4,1,1,0,0,40,32,6,20079.0
4,1,1,0,0,60,256,6,19359.2
5,0,1,1,0,30,512,10,301376.8
3,0,1,1,0,60,16,8,37690.0
1,0,0,1,0,90,128,4,11720.2
3,1,0,1,0,0,4096,4,15909.2
3,0,0,0,1,70,256,8,37990.6
4,1,1,1,1,60,4096,10,414827.2
4,1,0,0,1,60,4,8,51414.0
4,0,1,0,1,50,2048,4,13112.0
1,0,1,0,0,0,4,0,17937.4
5,1,1,0,0,80,64,10,301851.0
5,1,1,1,1,100,16,8,121802.6
1,0,0,1,0,0,2,8,131591.0
2,1,0,1,0,10,4,4,12583.6
5,0,0,0,0,30,4096,6,47510.8
5,0,1,1,1,60,8,8,121692.4
3,0,0,0,1,60,32,8,37933.0
1,1,1,1,1,10,2,0,17703.4
2,0,1,0,0,30,256,6,88553.6
1,0,1,0,1,70,64,8,101477.6
5,1,1,0,1,10,1024,4,9179.6
3,1,1,1,0,10,2048,8,39428.6
2,1,0,1,0,70,32,4,11907.0
5,1,1,0,1,90,1024,10,300621.4
2,1,0,0,0,20,4,10,81279.6
4,1,1,0,1,30,2048,6,19865.6
2,0,0,0,0,20,32,10,98946.4
5,0,0,0,0,90,4,2,9283.6
2,1,1,0,1,70,8,0,5149.8
1,0,0,0,1,40,4,6,72802.2
4,1,0,0,0,20,64,0,9138.6
2,1,0,0,1,70,2,4,12775.6
2,1,1,1,0,90,2,10,117516.6
1,0,1,1,1,90,2,8,117300.6
3,1,0,1,0,40,8,6,12092.8
5,0,0,1,0,80,32,4,9276.8
3,1,1,0,1,0,256,2,15972.2
2,1,1,0,1,90,16,8,95110.6
1,0,0,0,0,50,4096,8,101333.2
2,0,0,1,0,60,2,0,17639.0
5,0,0,1,1,80,2048,8,121166.8
4,1,1,1,0,80,2048,10,414685.8
2,1,1,0,1,0,2048,0,11408.2
4,1,1,1,0,0,64,2,35433.2
4,1,0,0,1,90,512,10,111805.8
2,1,0,0,1,50,1024,6,89570.4
1,1,1,1,1,0,4096,4,18608.2
4,1,0,0,0,70,4096,2,8909.6
2,1,0,0,0,30,1024,6,88883.6
3,1,1,1,0,90,256,6,10614.0
3,1,1,1,1,70,1024,8,37974.6
5,1,0,0,0,30,4096,0,9277.4
4,1,0,0,1,0,16,10,274940.0
5,0,0,1,0,40,4,6,47549.4
2,1,0,1,1,30,16,4,11964.0
2,1,1,0,0,60,256,8,101485.6
5,0,0,0,1,20,2,4,9184.4
1,0,0,0,0,100,128,8,101529.6
4,0,0,0,1,90,1,0,10011.0
4,0,0,1,0,10,256,2,35974.6
3,1,0,0,1,60,2,6,15665.4
5,0,0,1,0,90,16,2,9159.6
5,1,1,0,0,70,4096,10,299758.6
5,1,0,0,1,90,8,0,9161.6
2,1,1,0,0,0,4096,8,85310.8
4,0,1,0,0,30,512,2,9065.2
2,1,0,1,1,100,2048,0,17682.4
4,0,0,1,1,50,1024,6,49415.6
4,0,1,1,0,50,4096,10,415443.2
2,0,1,0,0,70,4096,8,100593.2
1,0,1,0,1,20,4096,4,11992.6
1,1,0,0,1,60,32,2,17737.2
4,1,0,1,1,60,2,0,35819.6
5,0,0,1,0,80,512,0,9184.6
3,0,1,1,0,10,128,6,11639.2
2,1,1,1,1,90,1024,0,17620.4
2,1,1,0,0,0,128,4,18036.8
5,0,0,1,1,80,8,0,9199.2
1,1,0,1,1,100,64,6,90800.4
4,1,0,0,0,50,4096,10,113737.0
3,1,0,0,1,60,128,8,37882.8
2,0,1,0,1,50,1,0,11186.4
4,0,1,0,0,10,16,0,9264.8
3,1,1,0,1,50,128,6,10702.2
1,0,0,1,1,40,4096,2,17702.4
1,0,0,1,1,90,256,8,103019.2
3,1,1,0,1,100,512,2,12220.4
2,1,1,1,0,0,16,2,17750.4
4,0,0,1,0,20,64,10,415030.2
4,1,1,0,1,90,128,4,12781.6
4,1,0,1,0,100,1,6,48786.0
2,1,0,0,0,60,16,10,96227.4
1,0,1,1,0,80,32,2,17693.4
3,1,0,1,0,10,256,0,12384.4
1,1,1,0,0,80,1,6,78695.8
4,1,1,0,0,50,16,4,13406.2
5,1,1,0,0,10,2048,8,121392.2
3,0,1,0,0,80,4096,0,12106.8
4,0,1,1,0,100,256,2,35817.2
5,0,1,0,1,80,2048,4,9197.8
5,1,1,1,1,90,256,6,47719.6
3,1,1,0,1,30,256,10,48626.4
4,1,0,1,1,70,8,0,35855.6
1,0,0,1,0,10,256,6,93751.6
5,1,0,1,0,40,8,2,9145.8
5,0,1,0,0,10,256,2,9136.2
1,1,1,1,0,40,8,10,109667.2
2,0,0,0,1,80,1,10,83722.6
5,0,1,1,0,50,2,8,121252.4
4,1,0,0,1,40,1,2,10044.6
4,1,1,0,0,40,4096,2,8960.8
4,1,0,1,0,90,8,0,35643.6
3,1,0,0,1,0,8,2,15893.4
2,0,0,1,1,50,64,10,102872.0
3,0,0,1,0,70,2,8,39177.8
5,1,0,0,0,30,8,0,9171.6
1,0,0,0,1,90,8,8,86030.4
5,1,0,0,0,40,2048,2,9173.0
5,1,1,0,1,100,2048,10,300889.4
3,0,0,0,0,30,64,2,12218.6
4,0,0,0,0,50,512,6,19487.0
3,0,0,0,0,30,2,8,39241.2
1,0,1,0,0,100,8,2,17671.6
5,1,1,1,0,80,128,2,9187.6
4,1,0,0,0,90,256,6,19377.2
5,1,1,1,1,0,32,6,47436.4
5,0,1,0,1,50,128,0,9120.2
2,0,0,1,1,60,1024,2,17688.8
5,1,0,1,0,60,4,0,9203.8
3,0,1,1,1,60,2048,8,37806.8
3,1,1,0,1,10,4096,8,39281.4
5,1,1,0,0,70,512,10,299233.2
3,1,1,1,0,90,4,10,46579.4
2,1,1,1,0,30,1,6,116343.0
5,1,0,0,0,70,512,6,47803.8
5,1,1,1,0,50,512,4,9171.8
2,0,0,1,0,80,2048,0,17742.2
3,1,1,1,0,40,16,8,37701.4
2,0,1,1,1,30,1,4,15237.0
4,0,1,0,1,70,512,0,8887.0
1,0,0,0,1,10,64,8,99767.0
5,1,1,0,1,20,16,10,300038.8
5,0,0,1,0,40,512,8,122152.0
2,1,0,0,1,80,512,8,101953.2
1,1,1,1,0,0,2048,10,131787.6
5,1,1,0,0,40,8,6,47572.4
5,1,0,1,0,100,1,4,9125.0
3,1,1,0,0,60,2,6,15576.0
1,0,0,0,1,90,256,8,100759.2
3,1,0,0,1,0,4,2,16024.2
3,0,1,0,0,30,16,4,12157.0
5,0,0,1,0,20,8,0,9326.4
5,1,1,0,0,10,2,2,9118.2
3,1,1,0,1,90,2048,0,12053.6
2,0,1,1,1,90,4096,10,102996.8
1,1,0,1,1,10,4,6,103538.0
1,1,1,0,0,60,4,6,72764.0
1,1,0,0,1,80,4,10,81153.4
1,0,1,0,0,20,512,2,17706.8
1,1,0,1,1,50,1,8,125422.8
2,0,0,1,0,30,512,6,91734.6
3,0,1,1,1,100,2048,8,37843.2
2,0,1,1,0,10,1,10,125653.8
3,1,1,1,0,20,1,10,50071.6
1,0,1,0,1,40,4,10,81284.0
1,0,0,1,1,60,64,2,17878.4
5,1,0,0,1,0,8,8,121432.2
4,0,1,1,0,30,128,2,35766.8
2,0,1,0,0,10,64,6,87970.0
5,1,1,1,1,40,512,8,122020.2
3,1,1,1,1,90,32,8,38061.4
1,1,0,0,1,30,8,4,12215.4
1,0,0,0,1,90,128,2,17753.4
1,0,0,1,1,60,8,10,109554.2
2,1,0,0,1,30,1024,10,100391.6
4,1,0,0,0,10,16,0,9299.8
5,0,1,1,1,50,4,6,47662.2
1,0,0,1,1,70,4,0,17700.6
5,1,0,0,0,80,4,6,47596.2
2,1,1,1,0,30,32,8,103936.0
3,0,0,0,0,10,4,0,13066.8
5,1,0,1,0,30,2048,6,47553.4
5,1,0,1,1,20,4096,2,9185.0
3,0,0,1,1,50,4096,8,38033.2
4,1,1,1,0,0,64,4,39540.0
2,1,0,1,0,80,1,8,125150.4
1,1,1,0,0,50,64,4,11835.6
3,1,0,0,0,60,4,10,46797.8
3,1,1,1,0,50,4,2,12862.0
2,0,1,1,1,100,4096,6,90636.8
2,0,1,1,0,50,1024,4,11927.0
2,0,1,0,1,70,1,10,83428.0
4,0,1,1,1,100,1,8,124077.2
2,0,0,0,1,30,1024,0,4865.6
4,1,1,0,0,100,4,0,9348.6
4,1,0,0,1,30,128,0,9016.4
3,1,1,1,0,50,512,10,48817.4
5,1,1,1,1,0,2,10,298199.0
1,0,1,1,1,40,8,10,109548.0
4,1,0,0,0,20,2048,4,13740.4
3,0,0,0,1,90,2,4,13051.0
2,0,0,1,0,0,8,6,123709.8
1,0,0,1,0,100,16,8,105601.6
3,0,0,1,0,30,2,6,15586.8
4,0,1,1,0,90,4,4,43330.0
3,1,0,0,0,30,8,4,12388.0
4,0,0,0,0,50,1024,0,9033.6
1,0,1,0,1,90,8,6,76459.0
5,0,0,0,1,60,8,2,9180.6
5,1,0,0,0,20,256,8,121048.2
5,0,0,1,1,40,64,2,9173.2
2,0,1,0,0,70,32,8,99552.0
5,1,1,0,1,100,32,4,9130.2
4,0,0,1,0,20,1024,0,35848.4
2,1,1,1,1,60,1,0,17654.0
2,0,1,1,0,70,8,8,109141.2
2,1,1,1,1,80,512,2,17637.2
2,0,0,1,1,20,64,8,103693.2
5,1,1,1,0,80,1,10,300289.8
5,1,0,1,0,20,32,8,121893.2
4,0,1,0,0,60,8,8,48529.4
5,0,0,1,1,10,4096,2,9188.6
3,1,1,1,0,40,512,10,48765.0
2,1,1,0,0,90,1024,0,4656.4
4,1,1,1,0,50,16,2,35672.4
1,0,1,0,0,40,32,10,99913.4
3,1,0,1,0,80,1024,10,48771.6
4,0,1,1,0,10,1,2,35593.4
3,0,0,0,0,40,4096,0,12073.8
4,0,1,0,0,20,256,10,124033.6
1,0,0,1,1,40,2,4,13321.6
1,1,1,1,1,90,16,4,11898.8
4,1,0,1,0,0,1,0,35631.4
1,1,0,0,0,80,2,4,13319.4
1,0,0,0,0,50,4,2,17671.8
1,0,1,1,1,30,2,10,117641.6
4,0,1,0,0,70,16,4,13166.6
1,0,0,0,1,80,2,6,73435.4
1,1,1,1,1,0,1,6,123387.4
3,0,0,0,0,60,1,4,14329.0
1,0,0,1,1,100,1024,10,102605.4
3,0,1,1,1,80,8,4,12356.6
1,0,1,0,1,50,8,8,86229.8
3,1,0,0,0,90,2048,10,48317.8
1,0,1,0,1,20,2048,2,17672.2
5,0,1,1,1,10,2048,2,9246.8
4,1,1,1,1,10,32,6,49050.0
2,1,1,1,1,0,4096,4,18482.4
2,0,1,0,0,60,128,10,101427.2
5,0,0,1,1,90,256,4,9257.8
1,0,0,1,1,0,32,6,123500.8
3,0,1,0,0,90,64,4,12142.6
1,1,1,0,1,40,256,8,101858.2
3,0,0,0,1,80,2,2,13132.4
5,0,0,0,1,80,128,10,301458.6
1,0,1,1,0,100,512,4,12066.2
2,0,0,0,1,20,256,4,4984.6
3,1,0,1,1,80,512,4,12099.8
4,0,0,1,1,80,8,10,416468.6
2,1,0,0,0,50,4,8,80885.4
3,1,1,0,0,70,1,2,14310.0
2,0,1,1,0,30,8,10,109448.2
3,1,0,0,0,70,1024,8,38053.4
4,0,0,1,0,50,2048,0,35926.8
4,0,1,1,0,10,2,2,35685.6
3,1,1,0,0,70,2048,10,48449.4
3,0,1,1,0,30,256,10,48644.2
1,1,0,0,1,50,4,8,80740.4
1,1,0,1,1,100,256,0,17810.2
3,0,0,0,1,0,1024,4,15940.2
3,1,1,0,1,100,2048,0,12178.2
5,0,1,0,1,20,8,10,301280.8
2,0,0,0,0,100,8,10,86093.6
2,0,1,0,1,80,64,6,89300.0
3,1,0,1,1,20,2,4,13231.8
1,0,0,0,0,10,128,8,99340.0
3,0,1,0,1,100,2,6,15490.6
5,0,0,0,1,60,16,6,47679.0
3,1,0,0,0,70,4096,4,12230.8
4,1,1,0,0,0,256,4,22111.6
4,1,1,1,0,40,256,8,124906.8
2,1,1,0,0,100,64,2,4627.6
5,1,1,1,1,40,128,2,9140.2
2,1,1,0,1,30,1024,4,4558.8
3,0,1,1,0,10,8,8,38168.0
1,1,1,1,0,100,512,2,17840.2
5,1,0,0,1,0,32,4,9229.0
5,0,0,1,0,80,1,6,47236.8
1,1,0,1,1,60,32,2,17736.2
5,0,1,0,1,30,1024,2,9119.6
3,0,0,1,1,100,256,6,10618.8
4,1,1,1,0,40,2,10,418006.8
1,1,1,1,1,50,256,10,102868.4
5,0,1,1,0,50,512,6,47776.0
2,0,1,0,1,90,256,4,4299.4
5,1,1,0,0,30,16,8,121858.4
3,1,0,0,1,30,32,2,12174.4
1,1,0,1,0,20,4,2,17721.0
4,1,1,1,1,0,1024,2,35664.0
3,1,0,1,1,10,256,2,12399.6
4,1,1,1,1,10,2048,10,415958.0
5,0,0,1,0,100,2,4,9133.2
1,1,1,1,0,50,32,4,11846.6
4,1,0,0,1,80,16,10,120376.4
1,1,1,1,1,50,1024,8,102958.2
3,0,0,0,0,0,4096,4,16066.2
5,1,0,0,0,60,32,10,302072.4
1,0,0,0,1,20,32,10,99354.6
2,0,0,1,0,60,1024,4,11859.8
1,1,0,0,1,20,64,0,17881.6
3,0,1,0,0,0,1024,8,44363.0
5,1,1,0,0,70,2,8,121138.6
1,0,1,0,1,50,2048,10,101626.6
4,0,0,1,0,20,32,6,48873.4
4,0,0,0,1,30,4,8,51838.8
5,0,1,1,0,80,256,10,298609.4
2,1,1,1,0,20,2,8,117607.6
3,1,1,1,1,30,1,2,14373.4
3,0,0,0,1,40,512,2,12077.4
2,1,0,0,1,40,128,4,4607.8
5,1,0,0,1,70,64,4,9176.8
5,1,0,1,0,30,1024,0,9153.8
5,0,0,1,1,70,4096,2,9163.2
1,1,0,1,0,30,4096,2,17719.6
5,1,1,0,0,20,4,10,300231.0
3,1,0,1,0,100,2048,8,37964.4
3,1,1,0,1,100,1,2,14435.6
4,0,0,0,1,20,32,6,20241.6
4,1,1,0,1,50,1,10,266217.4
5,1,0,1,1,100,4,10,298947.4
1,1,0,0,1,90,128,6,88665.0
4,1,1,0,0,80,1,10,265572.4
2,1,0,1,1,40,128,0,17662.0
4,1,0,1,0,50,2,4,43265.8
2,1,1,0,0,50,128,2,4870.6
2,0,1,0,1,80,256,8,101352.8
2,1,0,1,0,90,8,0,17663.2
5,0,0,0,0,10,2048,0,9171.2
5,0,0,1,1,100,4,2,9188.6
1,1,1,0,0,0,256,10,85490.8
3,0,0,0,1,40,4096,2,12164.8
1,1,0,0,1,40,4096,4,11850.6
5,1,1,1,1,20,512,2,9176.0
3,1,1,0,0,100,512,6,10549.2
4,1,0,1,1,60,1,10,418625.4
2,1,1,1,0,40,512,0,17652.4
4,0,0,0,1,60,1,10,266031.6
1,1,0,1,0,90,1024,6,91073.6
2,1,0,0,1,60,2048,8,101898.0
2,1,0,1,0,80,128,6,90760.0
1,0,1,1,0,50,32,4,11832.2
1,0,1,0,1,90,4,6,72664.2
5,1,0,0,1,20,128,6,47637.0
2,0,0,1,1,50,128,0,17610.0
5,1,0,1,1,30,32,6,47518.4
3,0,0,0,0,80,2048,0,12063.2
5,1,0,0,0,50,1024,0,9148.0
2,1,1,0,0,10,2048,2,5707.2
3,1,0,0,1,60,8,2,12576.0
3,1,1,1,1,20,1,10,50112.8
1,0,1,1,1,100,1,8,124992.4
2,1,1,0,0,10,4,0,6091.0
5,0,0,1,1,60,256,10,301503.6
2,1,0,0,1,50,2048,4,4541.0
4,0,1,1,1,30,2048,10,414119.2
5,1,1,1,0,80,8,0,9136.0
1,0,0,0,1,50,4,8,81040.2
3,0,1,1,1,80,512,4,12107.4
2,1,1,1,1,10,1,4,15281.8
5,0,0,0,0,100,8,8,120828.8
3,0,0,0,1,40,2048,10,48798.0
3,0,0,1,1,80,4,0,12913.6
4,0,0,0,0,0,4,4,22113.0
1,1,0,1,0,10,32,0,17699.2
4,0,0,0,1,80,512,6,19104.2
3,0,1,0,1,70,512,8,38207.0
1,0,1,1,0,60,256,8,102679.0
2,0,1,1,1,20,4096,6,91644.4
1,0,1,0,1,80,128,2,17767.2
5,1,1,1,1,10,1024,6,47596.8
3,0,0,1,1,30,512,8,38157.6
1,0,1,0,0,100,256,8,101625.0
3,1,1,1,1,40,64,6,10642.8
5,1,1,0,1,10,64,2,9191.2
1,0,0,0,1,40,16,8,96496.2
5,1,1,1,1,50,4,8,121521.8
3,1,1,1,0,80,512,10,48656.2
2,1,0,1,0,100,4096,6,90575.8
1,1,1,1,1,80,512,2,17804.4
2,1,1,0,1,0,64,8,85411.4
1,0,0,1,1,10,1024,4,12409.0
3,0,1,0,1,0,64,4,15958.6
4,1,0,1,0,60,4,8,124181.2
1,0,0,0,1,30,16,6,85823.2
2,1,0,0,1,90,16,0,4940.0
5,0,1,1,1,0,1,2,9221.0
1,1,0,1,0,40,4096,0,17715.8
3,0,0,1,0,40,16,10,48068.8
5,1,1,1,0,70,4,10,301137.4
5,1,0,0,1,40,16,2,9160.0
1,1,1,1,0,0,2048,4,18479.2
4,1,1,1,0,70,2,10,417602.4
3,1,1,1,0,50,16,8,37594.6
2,0,0,1,0,10,128,4,12416.6
3,0,0,0,0,100,512,6,10615.6
4,1,0,1,0,80,2048,6,49550.4
3,0,1,0,1,10,64,0,12471.2
4,1,0,1,0,10,2,4,42979.2
5,0,0,1,0,10,4,4,9230.4
5,0,0,1,0,0,4096,0,9233.0
3,0,1,1,1,60,16,8,37729.6
1,0,0,0,1,80,8,6,76336.8
5,1,1,1,1,50,2048,8,122242.0
4,0,1,0,1,80,4,0,9344.4
1,0,1,1,0,20,8,2,17691.8
3,0,1,1,0,60,64,6,10502.4
4,1,1,0,1,60,256,2,8979.8
5,0,0,1,0,70,4096,2,9259.4
1,0,1,0,1,0,256,8,85609.0
3,1,1,1,0,40,128,4,12062.2
3,1,1,0,0,30,4,8,37672.8
1,1,0,1,1,100,8,6,98486.2
3,1,1,1,1,0,4096,4,16016.0
5,1,1,0,1,10,8,6,47381.0
5,0,1,1,0,0,32,8,121649.8
5,0,1,1,0,40,4,10,299739.2
2,1,1,1,0,70,16,8,105641.4
1,1,0,0,0,80,1024,4,11818.2
5,1,0,1,1,60,4,2,9243.6
2,1,0,0,0,30,8,2,5191.8
2,0,1,0,1,60,128,4,4397.0
1,0,0,0,0,100,1,8,83181.0
3,0,0,0,1,40,16,2,12216.2
5,1,1,0,1,80,4,4,9150.2
3,1,1,0,1,10,32,6,11834.0
2,0,0,1,1,10,1024,2,17643.8
4,1,0,1,0,10,128,2,35673.2
2,1,0,0,0,70,16,8,95280.8
2,1,0,0,1,30,1024,0,4845.6
1,1,0,0,0,30,4096,4,11941.6
2,1,0,1,0,60,1024,10,102713.6
1,1,1,0,0,90,2,10,79776.6
4,0,0,1,0,90,512,4,43576.6
1,1,0,1,0,40,128,0,17734.6
5,0,1,0,1,100,4096,2,9107.6
1,0,1,0,1,30,4,4,12456.4
2,1,1,0,0,100,256,0,4675.4
1,1,0,1,0,0,1,0,17951.6
2,1,1,1,0,80,256,6,90900.0
5,0,1,0,1,20,8,0,9206.0
2,0,1,1,0,0,512,0,17911.8
2,0,1,1,0,60,16,8,105256.2
4,0,1,0,0,80,1024,0,8922.6
2,0,1,1,1,80,2,10,117526.0
4,0,0,1,1,30,2,0,35890.2
4,1,0,0,1,70,256,4,12857.4
3,0,0,1,1,30,64,2,12052.8
3,1,0,0,1,30,1,10,50236.2
3,1,1,1,0,100,256,8,37860.4
1,0,0,0,0,90,256,10,100587.6
3,0,0,1,1,40,512,0,12208.0
2,1,0,1,1,90,2048,10,102996.2
3,0,1,1,1,10,64,0,12511.8
1,0,0,1,1,0,4096,10,131483.2
2,0,0,0,1,10,256,8,99393.0
3,0,1,1,1,30,16,10,47691.8
4,1,0,0,1,40,1024,0,8974.0
1,1,0,1,1,80,4,2,17735.8
4,1,1,1,0,20,2,6,48716.6
4,1,0,1,1,60,256,4,43547.2
1,0,0,0,1,40,8,0,17671.6
4,1,0,0,0,50,16,0,9074.8
2,1,0,1,0,70,2,0,17663.2
5,1,0,1,0,30,256,10,302344.6
5,0,1,0,0,80,512,4,9290.2
1,0,0,0,0,20,64,10,101387.2
1,1,0,0,0,80,32,8,99951.2
2,0,1,0,1,20,8,0,5338.8
3,1,0,0,0,50,64,0,12220.8
1,1,1,1,0,10,512,2,17731.8
4,1,1,0,0,50,8,4,13951.0
1,1,1,0,0,40,1,0,17697.2
3,1,1,0,0,30,128,4,12142.0
4,1,1,1,1,70,128,6,49678.2
1,1,1,1,0,90,1,8,125152.6
2,1,1,0,0,60,4,2,5414.2
5,1,1,0,1,40,256,10,302246.4
1,1,1,0,0,10,256,4,12375.6
2,0,1,1,1,100,64,6,90824.2
2,1,0,0,0,20,256,10,101073.2
3,1,0,1,0,30,4,8,37737.0
3,1,0,1,0,90,32,6,10675.2
3,1,1,1,0,60,16,2,12395.6
2,0,0,1,0,40,32,2,17662.6
1,1,0,0,0,90,512,2,17803.4
4,1,0,0,0,40,128,4,13090.6
3,0,0,1,0,80,2,6,15550.2
3,1,0,1,0,60,32,10,48278.4
1,0,1,1,0,0,512,8,132073.0
5,1,0,0,1,10,256,0,9123.0
1,0,0,0,0,20,1024,10,101216.4
1,1,0,1,0,60,4,6,103252.4
3,0,1,1,0,0,2,4,16046.2
5,1,1,0,0,20,32,2,9117.2
4,1,1,1,1,30,64,2,35763.6
4,1,1,0,0,30,16,2,9035.6
1,1,0,0,0,50,512,4,11844.2
5,1,1,0,0,100,256,6,47529.6
2,1,0,1,1,70,512,6,91051.8
4,0,0,1,0,60,8,10,415169.4
5,1,0,0,0,70,64,4,9127.2
3,0,1,1,1,40,4096,4,12071.0
4,0,1,1,0,30,32,2,35543.4
1,1,0,1,0,90,4,6,103176.0
5,1,0,0,1,50,1024,0,9145.8
3,1,1,0,0,10,64,10,50425.8
2,0,0,0,1,60,1,8,83409.8
2,1,1,1,1,90,4096,2,17686.0
4,0,1,1,1,20,32,6,48796.6
2,0,0,0,1,80,256,6,85429.2
2,0,0,0,1,40,32,0,4958.8
3,1,0,0,0,100,1024,0,12181.0
2,1,1,1,0,90,2,4,13246.6
5,1,0,1,1,0,64,8,121018.6
5,1,0,0,1,50,4096,0,9151.8
4,0,1,0,1,0,32,6,27614.2
3,1,0,0,1,20,4,10,46871.8
3,0,1,1,0,40,512,4,11997.2
2,1,1,0,1,90,2048,10,100561.2
5,0,1,0,1,60,16,0,9168.4
5,1,0,1,0,20,32,0,9223.4
3,0,1,0,1,100,32,2,12157.8
2,0,1,0,0,10,4,8,81137.8
5,1,0,0,1,100,4,8,121003.6
1,1,1,1,0,50,128,8,102857.6
2,1,1,1,1,90,32,0,17636.6
1,1,1,0,1,30,1024,2,17839.2
5,0,1,1,1,0,32,8,121543.8
4,1,0,1,1,60,4096,4,43506.8
4,0,1,0,0,80,4,6,23601.4
3,0,1,1,0,50,1,8,42753.8
3,0,0,0,1,70,512,8,38143.6
1,1,0,0,1,20,1024,0,17748.8
5,1,1,0,1,0,4096,6,47606.6
1,0,0,1,0,50,128,8,103039.6
5,1,1,1,1,70,4,2,9157.0
3,0,1,0,1,10,1024,6,11703.4
2,1,1,0,1,30,128,10,100394.4
3,1,0,1,1,80,64,8,38113.0
2,0,0,1,1,100,32,2,17721.6
2,1,0,1,1,50,1,10,125078.4
1,0,0,1,1,90,4096,10,103151.8
5,1,0,1,1,70,4096,4,9194.8
2,0,1,1,1,0,2048,6,123835.4
2,1,0,1,1,100,1,6,116257.4
3,0,0,1,0,10,4096,4,12350.4
2,1,0,1,0,20,2048,6,91650.2
4,1,0,1,1,90,32,6,49602.4
2,0,1,0,1,90,4,0,5453.6
1,0,1,0,0,60,2048,0,17697.4
3,0,0,1,1,10,4096,8,39289.4
4,0,0,1,0,50,128,6,49809.4
4,0,1,1,0,100,2,10,417312.2
1,1,0,1,0,100,4,8,114156.4
3,1,1,0,0,30,4096,8,38077.6
5,0,0,1,0,100,256,0,9164.0
2,1,1,1,0,40,1024,0,17641.2
2,1,0,0,0,60,1,10,83432.0
2,1,1,1,0,20,128,8,103619.2
3,0,1,0,1,10,512,0,12513.8
2,0,1,0,0,100,1,2,11219.4
4,0,0,0,1,30,256,0,9012.6
5,0,0,1,1,60,64,2,9135.6
1,1,0,1,0,50,32,6,91965.0
1,0,0,0,0,60,1,4,15235.0
3,0,0,1,0,50,1024,4,12204.8
4,1,0,1,0,100,16,0,35823.0
4,1,1,0,1,70,2048,10,113923.8
4,1,1,1,1,80,16,8,125255.8
5,1,1,1,1,40,8,10,301893.6
2,1,0,1,1,30,1,6,116393.4
4,0,0,1,1,30,2,4,43285.2
5,0,0,0,1,10,1,2,9174.4
1,0,0,1,0,30,2,4,13291.0
1,1,0,1,0,20,8,8,109526.6
4,0,1,1,1,40,32,10,415124.2
2,1,1,0,1,30,16,2,5026.0
1,1,1,1,0,10,128,4,12408.6
2,1,1,0,0,90,4096,10,100766.4
4,0,1,1,1,10,4096,4,43081.2
2,0,1,1,0,0,1,10,131648.2
2,1,1,1,0,90,256,0,17678.0
1,1,1,1,0,70,1,6,116233.8
4,1,1,0,1,100,2,8,58641.8
2,1,0,0,0,70,256,4,4390.8
2,1,1,1,1,60,2048,8,102682.6
3,1,1,1,0,0,16,0,16009.2
3,0,0,1,0,100,8,8,37466.4
3,0,0,1,1,20,1,2,14406.8
5,0,0,0,1,80,4,10,300828.6
4,0,1,0,0,40,2,2,9562.2
2,0,1,0,0,0,512,4,18080.4
2,0,0,1,1,50,1024,2,17784.4
2,1,1,1,1,60,4,4,12418.2
2,0,0,1,0,40,256,6,91119.4
4,0,0,0,1,10,2048,6,21596.8
2,1,0,1,0,10,256,6,93676.6
1,0,1,1,0,0,16,8,131611.2
4,1,1,1,0,20,4096,10,415173.0
4,0,0,0,0,30,2,0,9572.2
5,0,1,0,1,30,1,4,9134.0
3,1,0,0,1,10,1024,10,50514.0
1,0,1,1,0,20,2048,4,11954.4
4,1,0,0,0,80,512,2,8915.0
4,1,1,0,0,50,32,2,8940.0
2,1,1,1,0,50,2048,0,17748.2
4,1,1,0,1,70,1,4,20203.2
4,0,1,1,1,80,4,4,43426.0
4,0,0,1,1,60,1024,2,35853.6
3,1,0,1,0,90,4,8,37564.2
1,1,0,1,0,40,2048,2,17822.8
3,0,1,1,1,70,2048,10,48474.2
4,1,1,0,1,60,4096,0,8929.2
3,0,1,1,0,40,2,4,13277.8
1,1,0,1,1,80,1,2,17674.8
3,0,0,0,1,100,8,2,12384.8
4,0,1,1,1,20,1024,4,43171.8
4,0,1,1,0,100,4096,6,49735.4
1,0,0,1,0,60,8,6,98679.0
5,0,1,0,0,40,128,2,9116.0
5,1,0,1,1,80,128,10,298800.4
5,1,1,1,1,100,64,10,300447.0
3,0,1,1,1,40,8,8,37381.6
3,1,1,0,1,20,32,0,12110.4
3,0,0,1,0,90,8,6,12061.6
4,1,1,0,0,90,64,0,8925.2
2,1,0,0,0,0,16,8,85293.8
1,0,1,0,1,90,2048,0,17784.2
1,0,0,1,1,70,128,0,17749.6
4,1,0,0,0,60,32,4,13035.2
2,0,1,0,0,80,1024,6,85241.8
4,1,1,1,1,100,1024,8,125256.0
2,0,1,0,1,60,64,2,4704.6
4,0,1,0,0,70,4,10,157443.6
3,1,1,1,0,30,2,10,48828.2
4,0,0,1,1,100,64,4,43585.6
1,1,1,1,1,10,2,4,13320.8
4,0,0,0,0,60,16,10,121528.4
4,1,0,1,1,20,64,2,35943.2
2,1,0,1,0,40,2048,6,91093.2
3,0,1,1,1,90,512,2,12020.2
2,1,1,0,1,80,128,0,4709.8
5,1,1,0,1,50,128,8,121654.8
5,0,0,1,1,90,32,2,9139.0
3,0,0,0,0,60,8,8,37457.0
5,0,0,1,0,30,1024,2,9216.4
4,0,1,1,1,90,64,10,416015.2
5,1,1,1,1,70,2,0,9152.0
4,0,1,0,0,70,8,4,13874.2
2,1,0,0,1,80,32,0,4723.4
4,1,0,1,0,90,2,6,48973.8
4,1,1,0,0,20,4,4,15234.8
3,0,1,1,1,70,2,4,13080.8
3,1,1,0,1,20,2048,10,49300.4
5,0,1,0,1,20,1,6,47116.6
4,0,1,0,0,90,64,0,8909.8
1,0,0,0,1,60,32,8,99529.6
5,0,0,0,0,20,1,8,120770.6
4,0,0,0,1,90,1,2,10005.8
3,0,0,1,0,90,1,4,14389.8
4,0,1,1,0,100,1024,0,35922.6
1,0,0,1,1,60,2048,0,17702.2
4,0,0,0,1,10,32,0,9250.6
1,0,1,1,1,50,256,10,103066.8
3,1,0,1,0,50,512,6,10761.0
3,1,1,1,1,50,1024,2,12134.6
1,1,1,1,1,90,1,10,125131.2
2,0,0,0,0,20,512,8,101519.0
3,0,1,0,0,100,2,2,13176.2
5,0,1,0,0,60,2048,4,9146.4
4,0,1,1,1,90,64,4,43773.2
4,0,1,0,1,80,256,6,19613.2
4,1,0,1,0,30,2048,10,417548.0
1,1,1,0,0,30,1024,10,100489.8
5,0,1,1,1,30,1024,10,301299.4
4,1,0,1,0,50,2048,10,416066.4
2,1,1,0,0,30,512,10,100359.6
2,1,1,1,0,60,4,8,113621.0
5,1,1,0,1,10,64,8,121411.4
1,1,1,1,0,40,16,6,93761.2
3,1,0,1,1,50,1024,8,38081.2
4,1,0,1,0,20,16,6,48776.8
5,1,0,0,0,0,256,0,9211.4
3,1,1,0,0,60,4096,6,10548.4
4,0,1,0,1,30,16,8,42568.4
5,0,1,0,1,100,4,6,47464.6
2,1,0,1,0,90,1024,4,11852.4
2,1,1,1,0,90,128,0,17623.0
4,1,1,0,0,100,128,8,38759.0
5,0,1,1,1,60,2,4,9150.4
4,1,0,1,0,50,128,2,35947.4
4,1,1,0,0,30,8,4,14082.2
3,0,1,0,1,90,1,2,14309.4
4,0,0,1,1,10,4096,4,43107.6
1,1,1,0,0,10,256,8,99637.0
3,1,1,1,1,90,1024,2,12202.0
1,0,1,0,0,70,64,8,101654.0
4,0,0,0,0,70,16,0,8988.4
2,0,0,0,1,50,1024,10,101665.8
1,1,0,1,1,70,128,6,91277.6
4,0,0,1,1,10,2048,0,35955.4
4,0,1,1,0,90,4096,10,416768.4
4,0,1,0,1,80,2,8,58563.4
4,0,1,0,1,60,32,0,8928.0
5,0,0,0,1,60,64,8,122327.0
1,1,1,0,0,50,4,8,81128.2
4,1,1,0,0,50,4,8,51849.0
2,1,0,1,1,80,1024,4,11873.4
2,1,0,0,0,0,64,10,85662.0
3,1,1,1,0,60,32,2,12095.4
2,0,1,0,1,70,32,6,88289.6
5,0,1,0,1,40,8,4,9110.4
4,1,0,1,1,70,8,10,415986.6
4,1,0,0,0,90,4,0,9397.8
4,1,0,0,1,70,512,6,19292.8
1,0,0,1,1,90,1024,0,17799.8
1,1,0,0,0,80,2048,2,17777.4
2,1,1,1,0,60,2048,2,17671.8
1,0,0,1,0,80,4,2,17646.4
5,0,0,1,0,0,8,2,9234.2
5,1,1,0,0,90,32,2,9111.8
5,1,1,0,1,100,2,0,9134.8
4,1,0,0,0,60,64,10,114346.2
1,0,1,1,1,20,2048,8,104000.0
4,1,0,1,1,0,8,0,35407.8
3,0,1,1,1,80,1,0,14266.4
5,1,0,0,0,40,32,2,9254.8
2,0,0,0,0,60,2048,0,4730.0
3,0,0,0,1,10,8,6,12184.4
1,1,1,1,0,0,2,4,18430.8
1,0,0,0,1,50,2,6,73704.0
4,1,0,0,0,20,128,8,41795.6
1,1,0,1,0,90,2,4,13334.4
3,1,1,1,0,10,1,10,50233.4
3,0,0,1,0,50,32,0,12238.0
4,1,1,1,1,10,4,0,35745.4
2,1,1,0,1,100,8,10,86084.2
3,0,0,0,0,70,128,8,38080.6
4,0,0,1,0,90,128,10,415468.4
5,0,0,1,1,80,8,2,9229.2
3,0,1,1,0,30,1024,4,12225.6
5,1,0,0,0,30,1024,0,9341.8
5,1,1,0,1,80,2048,10,298852.8
4,0,0,0,0,50,128,8,39322.2
5,1,0,0,0,30,4,2,9179.2
5,0,0,0,1,100,4096,6,47676.8
1,1,0,1,1,0,512,2,17962.8
4,1,1,0,0,50,4096,10,113696.4
1,0,0,1,0,70,256,6,91105.0
1,1,1,0,0,70,32,10,100374.4
4,0,0,0,1,100,1,0,10019.4
4,0,0,0,0,80,256,10,112936.0
2,0,0,1,0,30,2048,6,91577.4
3,0,1,0,0,40,8,0,12487.4
1,1,0,1,0,20,128,10,103781.6
5,0,0,1,1,60,1024,6,47647.8
4,1,0,1,0,20,256,4,43190.2
3,0,1,0,1,50,128,10,48887.2
4,1,1,0,0,0,1,0,11865.0
1,0,1,1,1,100,1,6,116086.4
3,1,0,1,0,30,32,6,10686.8
2,0,0,1,1,20,1,6,116466.2
3,1,1,1,0,80,2,8,39054.0
5,0,1,0,0,40,256,10,302478.8
1,0,0,0,0,40,4096,10,101741.6
4,0,0,0,0,70,2,10,180631.8
4,1,1,1,0,60,64,6,49343.8
1,0,0,1,1,20,1024,2,17842.4
5,1,1,1,1,70,128,8,121223.0
2,0,0,0,1,10,128,0,5749.2
5,1,0,1,1,70,4096,0,9139.2
3,1,1,1,1,80,32,2,12250.4
4,1,0,1,0,0,4096,2,35144.0
2,0,1,0,0,70,128,6,84942.6
3,0,0,1,1,20,512,0,12123.0
5,1,1,0,1,60,128,8,122173.6
5,1,1,1,1,80,4096,8,121875.4
1,0,1,0,1,50,8,0,17679.6
1,1,0,0,1,90,128,8,100540.8
3,1,1,1,0,50,128,8,37991.2
5,0,0,0,0,20,4,2,9256.8
5,1,1,1,0,90,1024,0,9281.6
2,0,0,1,0,0,64,4,18435.8
2,0,0,0,0,90,8,0,5067.2
1,0,1,0,1,70,256,8,100779.4
3,0,1,1,1,30,256,10,48851.4
3,0,1,1,1,60,512,0,12117.6
2,0,1,1,0,80,4,4,12444.6
3,1,1,1,0,10,1,2,14623.4
5,1,0,0,0,70,16,2,9220.0
5,0,0,1,1,70,32,4,9223.8
1,0,1,1,0,90,4,2,17753.2
5,0,0,0,1,10,1024,2,9229.6
3,0,1,0,1,30,2,0,13117.6
4,1,1,1,0,30,512,4,43321.0
5,0,1,1,1,50,2,6,47452.8
2,0,0,0,1,40,1,2,11189.0
5,0,1,0,0,0,8,10,299037.2
4,1,1,1,1,50,512,0,35832.4
3,0,0,0,1,80,1024,4,12187.8
4,0,0,0,1,90,128,6,19271.6
4,0,0,1,1,40,256,0,35744.6
3,1,1,0,1,90,8,6,12111.0
2,0,0,1,1,40,64,8,103004.2
5,0,0,0,0,100,2,0,9139.0
3,0,0,0,1,100,2,2,13062.0
2,0,0,0,0,100,512,4,4382.0
2,0,0,0,0,30,4096,0,4855.4
1,0,1,0,0,100,512,2,17744.4
2,0,1,0,0,0,256,0,11388.4
5,0,0,1,1,0,4,6,47616.4
3,0,0,0,0,100,128,4,12371.0
5,1,1,0,0,10,256,4,9163.0
1,0,1,0,0,40,4096,4,11875.6
3,0,0,0,1,20,1024,2,12255.2
2,1,1,0,1,70,1,6,78829.6
1,0,1,1,0,0,256,4,18430.8
1,0,1,1,0,60,32,6,91749.0
3,0,1,0,1,60,2048,8,37802.6
5,0,0,0,1,20,4,0,9161.6
2,1,0,1,1,70,32,6,91753.0
2,0,1,1,1,70,8,10,109200.6
2,1,1,0,1,60,2,6,73755.4
3,1,1,0,0,20,512,6,11045.4
2,0,0,0,0,40,1024,6,89371.8
3,1,0,1,0,50,2048,4,12182.4
5,1,0,0,1,30,1,0,9130.2
5,1,0,0,1,0,32,0,9208.2
5,0,1,1,1,0,128,4,9239.4
2,1,0,0,0,60,4,6,72870.0
2,1,0,0,0,40,256,8,101316.2
2,1,1,1,1,10,32,0,17629.0
4,1,1,1,1,30,4,2,35842.6
2,0,1,0,1,80,64,2,4717.4
2,1,1,0,0,10,64,10,99438.6
4,0,0,0,0,50,2048,0,9095.4
4,0,1,1,0,20,2048,8,123865.2
3,0,1,1,0,90,512,10,48341.8
5,1,1,0,1,60,128,4,9132.8
3,0,0,1,1,100,512,4,12148.8
3,0,0,1,0,70,1024,10,48466.2
3,0,1,1,0,100,512,2,12174.8
2,1,0,0,0,50,16,10,96201.4
3,0,1,0,0,10,32,10,50566.4
1,0,1,1,1,90,512,4,11743.0
1,0,1,1,1,20,128,6,91823.8
3,1,0,0,0,100,32,2,12317.2
3,0,1,1,1,50,1,10,50217.6
5,1,0,0,0,80,2048,10,298796.0
4,1,0,1,1,30,256,2,35595.6
1,1,1,0,0,70,16,8,95638.0
5,1,0,1,1,20,64,0,9164.2
2,0,0,1,1,60,32,8,103455.8
5,0,1,0,0,70,2048,6,47526.0
4,1,0,0,0,40,256,0,9017.4
1,0,1,1,0,0,2048,6,123679.2
5,0,0,1,0,70,2048,0,9179.6
3,0,1,1,1,0,1024,0,15795.2
3,1,1,1,0,0,2048,10,48048.6
3,0,0,1,0,40,16,4,12349.0
3,1,1,0,1,90,512,0,12018.0
5,0,1,1,0,50,32,6,47515.0
3,1,1,0,0,30,256,4,12133.6
5,1,0,1,1,30,2048,0,9219.6
2,1,1,1,0,90,128,4,11805.6
1,0,1,0,0,100,2,6,73585.2
4,0,0,0,0,70,1,10,265993.2
5,1,0,0,0,100,1,2,9175.4
1,1,1,0,0,100,64,2,17810.8
4,0,1,1,0,100,4,4,43438.0
1,0,0,0,0,90,256,6,88774.0
1,0,1,0,1,20,4,4,12456.2
5,1,1,1,0,50,4096,6,47772.4
3,1,0,0,1,90,64,2,12028.6
4,1,1,1,1,70,64,8,124927.0
3,0,0,0,0,80,1024,10,48715.6
1,1,1,1,1,70,512,6,91122.6
5,1,0,1,0,40,512,2,9208.0
1,0,1,1,1,50,4,0,17778.8
1,1,0,0,1,90,4,0,17822.6
3,0,1,0,1,0,16,8,44313.4
3,0,1,0,0,20,64,0,12229.6
3,0,0,0,1,100,64,6,10749.0
1,0,1,1,0,10,256,2,17892.6
5,1,1,1,1,70,8,6,47481.8
1,1,1,1,0,50,64,4,11817.2
1,1,1,0,1,80,256,8,101699.2
5,1,0,0,0,0,32,10,300208.2
5,1,0,0,0,20,2048,0,9206.0
1,0,1,0,1,50,4,2,17697.0
3,1,1,1,1,10,64,6,11722.2
3,0,1,1,1,0,128,0,16225.6
5,1,0,1,0,40,1,10,299119.2
4,1,1,0,0,50,2,8,58691.4
2,1,1,0,1,60,8,0,5160.0
2,1,1,1,1,90,1024,4,11847.0
3,1,1,0,1,0,4096,8,44349.6
3,1,1,1,1,90,32,10,48322.8
5,0,1,1,0,80,1,0,9117.4
5,1,0,1,1,20,512,8,121268.6
5,1,1,1,0,80,1,2,9172.6
3,1,0,1,0,60,16,6,11295.8
4,1,0,0,0,100,1024,0,8917.8
3,1,1,1,1,90,1024,0,12107.0
2,1,1,1,1,0,8,10,131458.2
2,1,0,0,1,80,64,0,4734.4
4,1,1,1,0,70,32,0,35669.6
2,1,1,0,0,30,256,2,4831.6
5,1,1,1,0,30,512,0,9134.0
1,0,1,1,1,40,256,4,11837.0
5,1,1,1,0,80,1,0,9134.8
3,0,1,1,1,50,8,8,37394.2
5,1,0,0,1,50,512,2,9215.6
4,1,1,1,1,20,4,4,43257.6
4,1,1,1,0,60,2048,2,35712.6
5,0,1,1,1,0,2,4,9271.4
4,1,0,0,0,40,256,4,13105.6
3,1,1,1,0,80,4096,10,48700.6
3,1,0,1,1,30,4096,6,10571.2
4,0,0,0,0,40,256,6,19806.0
2,0,1,1,0,100,64,6,90723.4
1,0,1,0,1,90,4096,2,17682.0
1,1,0,0,0,80,1,10,83264.2
1,0,0,0,1,100,4096,0,17761.8
4,1,0,1,0,10,256,2,35810.4
4,1,0,0,1,80,1,4,20170.0
2,1,1,1,0,90,2,6,107167.2
3,1,1,1,1,20,2048,4,12216.4
5,0,0,0,1,0,1,10,300355.0
5,1,1,1,1,0,128,6,47339.4
4,1,1,1,0,70,32,10,414751.0
5,0,0,1,0,80,256,2,9214.0
4,1,0,0,1,90,1024,6,19388.2
1,0,0,0,1,20,1024,10,101612.6
5,0,1,0,0,10,512,10,301298.2
3,0,1,1,0,90,64,6,10477.2
2,0,1,1,1,70,2,10,117422.0
3,1,0,0,0,60,16,8,37788.0
2,1,1,1,1,80,2,2,17618.2
1,1,0,0,1,50,256,0,17784.2
1,1,0,0,0,100,1024,10,101625.6
2,0,1,1,1,80,8,0,17620.6
5,0,0,1,0,20,2048,10,300813.8
2,1,1,0,1,60,8,6,76195.6
1,0,1,1,0,60,4096,8,102541.6
4,0,0,1,0,100,2,0,35949.0
3,1,1,0,1,90,1024,6,10761.8
4,0,1,0,1,90,256,8,39215.6
3,1,0,1,0,40,8,0,12478.4
5,0,0,1,0,100,128,10,301075.2
5,1,1,0,0,40,4,4,9203.4
5,0,1,0,1,20,4,10,300975.6
3,0,1,0,0,70,128,6,10718.6
3,0,1,0,0,80,64,8,38146.4
2,1,0,1,0,90,4,8,114082.2
5,1,0,1,0,90,1024,6,47738.2
1,1,1,0,0,50,4096,2,17717.0
3,0,1,0,1,10,4096,0,12318.0
5,1,1,0,0,30,1024,2,9142.0
1,1,0,0,1,100,64,0,17725.6
5,1,1,0,0,100,1024,8,122264.0
1,0,0,1,1,40,32,6,91762.8
2,0,1,0,1,50,2048,0,4866.4
2,1,1,0,1,40,32,0,4932.6
1,1,1,0,1,0,256,10,85219.4
5,0,1,0,1,60,2,6,47440.0
3,1,1,1,0,20,8,10,47815.8
1,0,0,0,1,20,4096,8,101292.6
4,1,0,0,1,80,8,10,144579.2
5,1,1,1,0,10,32,2,9247.0
5,1,0,0,0,30,2,8,121037.8
3,1,0,0,0,20,64,10,49160.8
3,1,1,1,0,60,4096,2,12069.8
1,0,1,1,0,70,8,8,109256.4
5,0,1,1,1,60,4,8,121490.8
4,0,0,1,1,10,16,2,35657.6
2,0,1,0,0,10,1024,10,99385.4
4,1,1,0,1,50,512,6,19527.0
5,1,0,1,0,30,4096,6,47541.0
4,0,0,0,0,100,32,10,114086.0
1,1,0,0,1,70,4096,6,88661.6
5,1,0,0,0,40,4,8,121700.4
1,1,1,0,1,30,32,0,17700.0
4,1,0,1,1,20,4096,8,124022.6
3,1,0,0,1,20,2048,4,12250.8
2,1,1,1,1,70,2048,10,102933.8
4,1,0,0,1,100,64,2,8943.6
2,0,1,1,0,0,32,10,131591.0
1,1,1,1,1,80,512,10,102891.2
4,0,0,0,0,90,4,2,9358.6
1,0,0,0,1,40,128,10,101247.0
2,1,1,1,0,100,512,8,102816.0
5,1,1,0,1,20,8,0,9236.8
5,0,0,1,0,20,4096,6,47548.0
3,1,0,0,0,50,16,2,12289.4
1,0,0,1,0,30,4,10,114500.2
2,0,0,0,1,20,1,8,83381.8
3,0,0,1,0,10,2048,0,12445.8
3,1,0,1,0,10,1024,4,12395.6
