MDS_Dim1,MDS_Dim2,performance
0.1822910568999916,1.6645370921281633,1.57
-0.3913100098476803,0.4117632241613446,1.82
1.1042021222744758,-0.17442333084514977,1.8
0.5588152424842435,-0.900782636257849,1.96
0.18975700460708936,1.6946031071864913,1.69
-0.7084601369512307,0.7012616958395127,1.94
0.43439253631919095,-0.5512980198289975,1.46
0.5111873833598541,-0.4718935889532359,1.48
1.3229877773209069,-0.2723159624065367,1.79
0.38761727005691354,1.3374507443856092,1.63
0.0269778826714211,1.5671654524409648,1.56
0.477371396767521,-0.8294216789021334,1.4
-0.08729696676924166,-1.328860589058131,4.02
0.026894677086318243,1.5296931940092922,1.59
0.34620429562851623,0.982946045073511,1.53
0.016832544082656296,1.666843515883847,1.64
-0.8625038594103127,0.9605558465175198,1.92
0.2291681840934371,1.18486076997754,2.15
-0.06108497472248444,-1.142411866140523,3.99
0.006670861561838352,-1.371718225287063,1.62
-0.13479043045620245,-0.6439219368540304,1.71
-0.009129946815274435,1.615270324641633,1.4
-0.05139528149732195,-0.9443700513116494,1.32
0.5462904323209009,-1.2551342919551518,1.36
1.0270318782476087,-0.13262632922770318,1.88
-0.0038553620090413703,1.5802172057094326,1.35
-0.13221941589298108,-0.6098997831091594,1.67
0.028025134323251676,1.507840971470341,1.59
0.5299673751682724,-0.988357325144173,1.5
0.46399770112962524,-0.473709924471713,2.07
0.4306101498380225,-0.4427383535670762,2.11
-0.07889230937780929,-0.8556457120562482,1.29
0.16878587582749782,1.6466891471789546,1.81
0.163321139099202,1.7760016849155795,1.75
0.22840396884001582,0.7411213013352207,2.07
0.11509346649736689,0.9141480353166381,2.09
-0.6092598904396548,0.6981487326043174,1.89
0.4765514987306776,-0.5686570641052124,1.45
1.0516234543839615,-0.1149278489342687,1.96
-0.6066556372591316,0.7361568554241549,1.93
0.5199714751499104,-0.9425709649571457,1.34
-0.848428867939136,-0.599873974232628,2.08
0.49014168669282654,-0.848084508595684,1.44
0.32521314393594036,1.4861697759707142,1.78
0.16042159690730406,0.5121575730421425,2.1
0.4500094142470765,-0.5437346327656666,1.47
0.12308016861940091,0.81704189200625,2.16
-1.167689715667336,0.058570255223174356,1.54
-0.06081755688211839,-1.0914915639375313,4.04
-0.0048597917600594455,-1.319634769621517,1.6
0.15119656123545844,0.4602304422448132,2.25
-0.12014474746335747,-1.0248361253804092,1.85
-1.3710050481160128,-0.007117373702669037,1.46
0.20024501577833687,1.2855304113900792,1.82
-0.8713990562065486,-0.594849355850478,2.04
0.121690655218651,1.2941726318746045,1.54
0.7163099882661422,-0.17808596224638265,1.86
0.06826563191825434,1.010274334250877,1.57
0.04416410688282941,1.1816706461425917,1.43
-0.15770188986988726,-0.5079477774100017,1.91
-0.0572082318776915,-0.9431906317307815,1.21
-0.5669718620099471,-0.4880336953382016,2.07
-0.38219900593280515,0.39423435782717453,1.96
0.7729517131387109,-0.18473083784691285,1.89
0.046271326447708754,1.12331607353651,1.41
0.1183118762165699,1.2413369604631594,2.07
-0.6102856405785317,-0.5188466533227077,1.97
0.10932032852506743,0.8734234759266452,2.06
-1.1384759031624212,0.21913093515536675,2.12
-0.8584205220728937,0.11798188155103716,1.45
-0.1497322402217725,-0.6382018019231597,1.31
0.3922617258459289,1.2066937162414768,1.46
-1.1085018643955353,0.004453843257679063,1.49
-0.023050566085711502,-1.0622355307949176,1.2
-0.8287788905948597,0.18989342512388144,2.16
-1.0381960655353006,0.019641054772156424,1.48
-0.41014262764173176,0.42677731378498013,1.95
0.7355627430538926,-0.1692057631792392,1.87
-0.5795034600604881,-0.48888705194337906,2.09
0.1442681527476963,1.3615976211672223,1.42
0.2896064221862224,0.6158606650540438,1.42
-0.3859433918071307,0.413733001450254,1.94
0.7919459635329626,-0.17709548607891312,1.87
0.1598976333420031,0.9874422069419158,1.55
-0.6222090720028562,-0.5190608178422054,2.08
0.047858601629910354,1.0910294550235498,1.47
0.20945303097823967,0.4951086596047892,1.49
-0.8180450719028803,0.115710882197966,1.49
0.32486811829382656,1.098532812030026,1.42
-0.41028639739479666,0.4389161391431805,2.03
-0.790839845511044,0.18259181135398267,2.12
-1.4646718890151755,-0.6959879332926118,1.4
-1.4121152474775494,-0.6799545520119675,1.33
1.082146544510812,-0.2908807803472166,1.33
-1.4303861641460556,-0.6879311536059161,1.4
-0.005483988150723479,1.7072020589585089,1.43
-0.899739600313521,1.2886884595339372,1.27
0.27064578602534833,0.5095464424293825,1.47
0.15115305889213176,0.8932744153281684,1.56
0.18742320744682095,0.43786650288483375,1.55
0.7573779039035626,-0.23630592474020654,1.32
-0.1523987809566713,-0.6709763678586768,1.25
1.5684126015632065,0.01574595007247865,1.14
0.3336532531869018,1.149643530084482,3.91
0.38292262277777717,1.4027611529323165,3.75
0.01531049767179963,-1.3766332792242995,1.24
-0.8202762421382315,-0.7160506942689402,1.46
-0.10742900896606158,-1.1241571577485407,1.26
-0.25348132326528794,-1.001693983381489,1.94
0.237237433471628,0.9603054316809001,1.48
-0.5579955086909487,-0.5595353268948209,1.47
-0.19031900644891345,-0.5660182367227414,1.88
-0.1798777240183528,-0.532390979086082,1.86
-0.004422464531648413,-1.2775033793799775,1.17
-0.005514845701531518,1.5585731487883479,1.49
-0.6632078128957056,0.6953932851571849,1.36
0.06769037876480286,1.0386661483623203,1.53
-0.39463477514407974,0.3427524874849557,1.31
-0.6626725637697973,0.664046225323786,1.36
-0.1637651754835629,-0.9765512561134607,1.31
-0.0030015391319615464,1.3393965650899236,1.57
-0.8672630852370536,0.7793336839136992,1.27
-0.08308229291223077,-0.8913415091120797,1.21
-1.1541312930535512,-1.0705250758689928,1.18
0.1352823761565696,0.6346320471144554,1.55
-0.003972279880514934,1.401662229433865,1.57
-0.15473426658304795,-0.6255520813613611,1.28
0.4401235367373124,1.1776530411033796,1.39
-0.11239650473623222,-0.8128990953376777,1.22
-0.32650341359369117,-1.0043017654517614,1.23
-0.5461861632168298,0.6369324952377656,1.93
-0.5900849586051036,0.5947878909004589,1.86
-0.006077540583230907,1.440649844563696,1.62
-0.9342356940162869,1.3286536999093956,1.29
1.6238389709107874,0.012796806993352526,1.17
0.3645189906240122,0.9399364268309564,4.0
-0.9090147408055731,1.305788915502411,1.27
-0.787584066406815,0.721978445787484,1.43
-1.0937545306158185,-1.0678170164545988,1.31
-0.1475447175276216,-0.5880630885488741,1.26
0.48158334876691555,1.1468396072479248,1.85
0.1850831142390318,0.5861393966698645,2.11
0.2951775037682726,1.2263752423492007,2.15
0.3667301802695468,1.0784633642924903,1.42
-0.2917635179568928,-0.8918551272496835,1.27
1.0423888624111721,-0.30524531890201134,1.35
1.2118774176753127,-0.48250667685170123,1.25
0.14826559489840624,0.7225305803722074,1.54
1.5889517465749683,0.012831934039315578,1.17
-0.9209273680805168,1.380654381927675,1.59
0.9623169922186218,-0.297772684483524,1.77
0.40687526856691414,1.4075898033343595,1.42
1.136978531055271,-0.4812218395836465,1.33
0.2497592559379466,1.1456121355889006,2.09
-0.061317369261314175,-0.9328120612966191,1.21
0.32946004262469253,1.3943800519883698,2.08
0.1816852326513476,0.8545608441818003,1.46
0.25956969437699456,1.2626019946945843,1.61
0.15321299015044754,0.6718056629102742,1.63
0.15473308772000355,0.517289852673608,2.13
0.09644236715231802,0.9273040052753246,2.1
-0.15194198705917492,-0.6329801586857388,1.26
-0.931817128663036,1.4307004178382814,1.61
-0.9215796249368404,1.4016405762249047,1.55
0.012809516602801973,-1.3151503868255314,1.14
-0.11882076887263031,-1.0380013803860588,1.26
0.9608353856154256,-0.1699938641941059,1.87
0.17584253742770514,0.5486099270838147,2.12
0.15023762146896183,0.8614971865515153,2.17
0.17104493599269371,1.5994837258810852,1.82
0.17178150147983481,1.1627443434829141,1.81
-0.8506488071588176,1.262067195360708,1.36
0.4651839766986853,1.075938209250268,1.96
0.34505568515819,0.8809713382196369,3.97
0.15800315836804757,1.567493572128659,1.72
0.17721987131586353,1.1029413927341,1.82
1.120639997880663,-1.1163715067882543,1.73
-0.35252888254316694,0.3597403341444477,1.94
0.14545558079650767,1.5484721346276866,1.78
-0.09608920321203522,-0.8391938276656241,1.22
0.17070364921414494,1.0818518232967704,1.74
-0.6513167902577638,1.2870676348516081,1.3
0.16359994975876557,1.5668037074446162,1.74
-0.14824799183674175,-0.5991759995322381,1.27
0.1827369209147173,1.099676033640115,1.85
-0.06948047479023707,-1.5253362726737367,1.18
-0.36155967812742607,0.3061097076378099,1.77
-0.15133918756844797,-1.3716796231841109,1.3
-1.3070440402555898,-0.5981844484810421,1.38
-0.43828018861536017,0.3132898315044618,1.37
-0.006426462132370243,-1.368835037868319,1.22
1.0028362276273013,1.2578681063683335,1.65
0.14817260194169504,1.532550746350282,1.7
-0.45423942705637876,0.6211337915821402,1.24
-0.39167160616855695,0.32239407233726214,1.33
1.0708747311549265,-1.0811952139292258,1.73
-0.16070291585320454,-1.0946997367022293,1.27
1.2251374529281185,-1.1550115347175787,1.67
-0.4990476202812389,0.3785048869762072,1.22
0.1864702777614516,1.042941963525619,1.74
0.1364000927221607,1.5128131009494943,1.7
-0.6554383537868466,0.8888034381860735,1.26
0.17521522327268135,1.0252809675332701,1.76
-0.277483428705652,-1.2933519589401257,1.84
0.4125693185141777,0.9904376351656374,1.92
-0.2711747934009535,-0.9331044474632727,1.85
-1.0412612039548985,-0.747971518306587,1.27
0.4329911726714593,1.3335156486223052,1.83
-0.9786348360448357,-0.6317313672205652,1.37
-0.7684766724684399,-0.5056559394224446,1.37
-0.20095317947001992,-0.4531937381930212,1.27
-1.1035328538733942,-0.7663793586758059,1.22
0.15225501333596433,1.6970289213478982,1.67
-0.2296365576727875,-0.474915567129249,1.21
-1.0931787406549625,0.07899903437956586,1.59
0.16011368702600692,1.5465464787404444,1.79
0.13270877512648582,1.4918302314042395,1.74
-1.2885226141178894,0.0019991821404482706,1.43
0.307042777312864,0.8069773003539232,4.1
0.6836054565374726,-0.1859527578552041,1.88
-0.0026509299325398698,1.316657175351561,1.6
-1.0459857173970104,0.2240592192156459,2.15
0.005253369168551732,1.5054412537410746,1.73
-0.014125019706761254,-1.3039884254094825,1.23
-0.20782322394878885,-0.9628059906918428,1.35
-0.2539323012674409,-0.8290898115814628,1.87
-0.2355117969044666,-0.856057482384731,1.9
0.07236140938234878,0.9965388066548952,1.56
0.12468894879504228,0.6879352398838696,1.41
-0.8044828815848133,0.12991190014987655,1.54
-0.02569896041742936,-1.457830817960639,1.58
-1.0075366876862608,0.03993323223395938,1.4
0.05249059335793964,1.0795552049794066,1.43
0.32766907996223527,1.1888181759078258,4.07
-0.04194401799099231,1.5544581046402124,1.36
-0.10192600145679571,-1.2993399695062073,4.16
-0.021617736148136574,1.3700252312618588,1.46
-0.03401417033193781,-1.2844902342467888,1.59
-0.7665016881391201,-0.6066590596098482,2.08
-0.7757964572124634,0.20016051714150582,2.15
0.9424275798298681,1.2383587655206738,1.52
-0.5206742697075454,-0.4845751998001019,2.03
-0.07067108525111242,-1.06438791742452,4.31
0.11974801036394397,0.6750316110365385,1.41
-0.0054093013398353795,-1.5189651654188507,1.64
-0.6982947095290336,1.3884804803748818,1.66
-0.7668066683480048,1.0550880231329773,1.58
-0.6044124992375233,0.8248773094036287,1.97
-0.5265208191901454,0.9573313008434918,1.57
-0.04845402761591891,1.6102950865144403,1.4
-0.7835748225942331,0.9177256940689779,1.99
0.05025759118832247,1.1694408017715854,1.39
0.12749554176634617,0.7228767835097714,1.42
-0.028212771300015992,1.431510737274503,1.37
0.1377949151889377,0.6789375881291986,1.54
-0.569603593178444,0.7451304019026603,1.94
-0.0010892652945743468,1.380756062811601,1.6
-0.5424742815830186,0.6667293011603724,1.97
-0.9361666166086432,0.9119509782655402,1.44
-1.300175613895274,0.1501583371650011,4.13
0.9783192699419899,1.395069849595804,1.59
-1.066754298013104,1.0083554116632278,1.33
0.06906379129253475,1.105052951689251,1.59
-0.6948502218759691,0.7547487515152541,1.35
-0.9380780671797216,0.8629089240882166,1.27
-1.4243864424444381,0.7422591959710948,1.74
-0.07320858481541252,-1.3799362146762644,4.12
-1.44760910349361,0.06183430528754623,1.89
-0.03794128046852289,-1.2260867631903847,1.64
0.2447321991301929,1.3612812270269918,1.75
-0.8897272054246974,0.8086020885385636,1.22
0.21537942897602302,1.313051102829766,1.8
-1.3866649033415894,-0.9333728505874503,1.69
-0.07338103645319323,-1.001613696512981,4.57
-1.2610769419629393,0.24544746218205568,2.16
-0.039385412763535285,-1.1944713780791323,1.3
-1.3914104963148173,0.7331379074340039,1.79
-0.1549542559291361,-0.8905674785836959,1.77
-0.004995562754178598,1.4023094198860602,1.54
-1.0787025603128273,0.1410935279693978,4.22
0.434988254803025,1.0093952081289805,1.83
-1.2745990445558497,0.05313220335497624,1.9
-0.877411792740257,0.8609904797182424,1.76
-0.09804560503493309,-0.8179661471416291,1.32
-0.13113212125338672,-0.5920403714502556,1.7
0.011498854161823965,-1.2954438885757777,1.28
-1.3455202804974173,-0.800587619575361,1.63
-1.0182683108963895,0.9553464359147358,1.48
0.15055768096880687,0.6779586635441596,1.53
-0.09768637928727894,-1.031947282752242,1.64
-0.6289164065217365,0.7010852917688244,1.9
0.32292387080208396,0.8214816147634585,4.13
1.0900903094982033,-1.0931016402798202,1.73
-0.8573258856250806,0.8041914729489431,1.41
-1.0199067430107531,0.2907040410679165,2.05
0.9698023218637681,1.2414364033338892,1.55
-0.006508276415889957,1.3605393319097034,1.58
0.14624806374349505,0.6349762479031124,1.57
0.7273856626597727,-0.8306574145103762,1.65
-0.048766883503448134,1.5746367567051793,1.45
-0.10921964944341045,-0.7673533423024143,1.35
-0.12919480425050783,-0.5592273460234355,1.76
0.048685845511032035,1.1086686297735484,1.4
-0.02722544190369671,1.39201528342403,1.43
-0.009512361204927402,-1.4795427887184291,1.59
-0.009551400961374927,-1.3181706008884115,1.59
-0.06309440215492698,-1.0889207059112274,4.18
-0.9463080731699771,-1.0027819076800812,1.71
0.13049282438832663,0.6735623705331398,1.42
-0.8948728879163266,-0.7724808766120821,1.66
-0.6240715464142413,1.2393720350924804,1.33
-0.5870535888179327,0.6301164203314567,1.73
0.8564040470118598,0.8324166630314782,1.64
-1.0916275369804334,0.4015670220832099,1.73
0.07660436581972117,1.084995942079824,1.55
-0.03046317812552355,1.561881564739026,1.53
-1.3710721569482562,0.3268896366502807,1.81
-0.8038112193567466,0.7484470011018286,1.4
-1.187796644712466,0.3496670626913927,1.41
-1.1454549578770643,-1.2898064934701619,1.23
-1.4927155073749816,0.6179744224984638,1.42
-0.6224804863941886,0.8180256110050753,1.34
-0.0190315980071367,-1.2497188821171652,1.63
-0.3086754145205681,-1.3922537666791983,1.16
0.11436533359402556,0.7443870079880226,1.4
-0.022881215265865933,1.3935949721047654,1.4
-0.028143371306144624,1.4339028696065046,1.45
-1.1991161895216582,-1.0992976871000342,1.18
-1.283374217144843,0.6946294237586326,1.4
-0.3425204366305404,-1.1381720238159254,1.15
-1.1800603531425184,-1.0688484811859411,1.16
-0.4235055969046848,0.5764509145409767,1.39
-1.586975329428176,0.6116948038999623,1.72
-1.0059052722939024,0.10501375734370093,2.08
-0.33660539450449106,-1.0393499808503894,1.19
-1.0406518701428058,-1.3283593776638372,1.28
-0.3076776701709023,-1.3239900693484365,1.27
-1.4450552134990595,0.6099602830809864,1.57
0.13104218389634123,0.7336616429998286,1.46
-1.1444907006048035,-1.0928209568552694,1.3
-0.06356288562318763,-1.0297182023207403,4.03
0.10008281021341812,0.8155305502274469,1.42
-1.1137475184975774,0.34115372311503384,1.55
-1.422312711994517,0.6136149701553214,1.56
-0.03331811853388234,1.453540084930596,1.37
-0.044885430227254504,1.4912061147854443,1.41
0.14531878491063768,0.6610558959091133,1.62
-0.3187141883714464,-1.028222705315002,1.32
-1.2084392183840786,0.015931612758164564,1.58
-0.01366242887493924,-1.2244724984405484,1.35
-0.022845436876511072,-1.2813596638821738,1.33
-1.351082900630823,-0.6927879671603763,1.52
-0.1831402714951247,-0.9634535433432777,1.86
-0.0018866289743912307,1.377736014794403,1.52
-0.08202429283860654,-0.8482340755289696,1.32
-0.13265064121813216,-0.6035289392394666,1.64
-0.15835860878799135,-0.5006374435680282,1.89
1.1482426548042817,-0.29603460436085055,1.25
-1.5450877154506784,0.708022922156547,1.56
-0.16470274027027115,-0.5355523467943112,1.9
-0.12122183077981016,-1.087701599970172,1.86
-1.0782243361095813,0.3591545051599642,1.57
0.1288291852117846,0.6241218344362887,1.61
0.07610148995426853,1.02210476758439,1.61
1.3085457713592423,-0.4985542384052547,1.14
-0.01581103729094788,1.525224575273902,1.67
-1.3533030134739021,0.3661518272385454,1.59
-1.2172362130656749,0.6673844995692978,1.61
-1.3296684648126595,0.8292857422280221,1.53
0.13878739304281992,0.624987300132341,1.61
-0.15788483518615137,-1.3335787062187416,1.89
1.0666912769298975,-0.3019058255329387,1.62
-0.2164033088209041,-0.896981076714448,1.86
1.228154330204407,-0.47767250858090676,1.31
-0.006754163569572078,1.3375023192478341,1.61
1.1127826892581651,-0.09853541942301067,1.87
-1.4687246371538116,0.6259914819706515,1.38
1.0411640633324004,-0.12938505467834086,1.88
-0.9603281886264334,0.2110461886169499,2.16
0.136953403847441,0.6869923028677974,1.43
-0.5425273312963037,-1.396779071104212,1.21
-0.7431214393239257,0.12889113321306114,2.01
-0.25104057476809766,-0.6014399253594365,1.18
-0.9229027038746624,0.0669418217951254,1.58
-1.0871157498633937,-1.224521322994287,1.14
0.12564951434764662,0.7410794620569059,1.45
-0.03414989530754033,1.454025203250455,1.46
-1.5800449222526909,0.7270106556831173,1.46
0.21738906424796048,1.2818093984247565,1.76
-0.17981062622133906,-0.5107140945893143,1.88
-1.162415553949761,0.35334451612808887,1.43
-0.32054359150742173,-1.1691528943264566,1.13
-0.18018230750551306,-0.525155619014197,1.85
-1.1610637273408801,-0.8641015259684874,1.24
0.19246264760081416,1.6434369459512945,1.76
-0.24193718046478518,-0.5503314989805796,1.17
-1.1402393692905959,-0.8536712760875063,1.19
-1.2454474713157182,-0.6035960536521962,1.55
-1.4209484048815613,0.35088578160330425,1.42
0.2728736149986185,1.3541071587501061,1.78
-0.7911624864380244,0.2663658374144088,1.62
0.17443397962997426,1.0015902214303176,1.83
-0.7233963303410801,0.19009179370610912,2.18
-0.23803523796053933,-0.8881860275769712,1.86
-0.9088216773074416,-0.6206915714036467,1.46
-0.12711098200224719,-0.9294262597927758,1.67
0.185930055445189,1.0728464035037286,1.79
0.24430686584963654,1.3074184937409197,1.73
-1.0606338512163234,0.44618095653811846,1.55
0.1488100643574052,1.666306350487481,1.79
0.18685104488492532,1.0182448596598141,1.79
-0.24050203457100294,-0.556620408996543,1.19
-0.09566103083662798,-1.3716155195504613,4.1
-0.501218011868415,-1.4955846873049146,1.3
-0.691954922989475,-0.49569106676479535,1.52
0.40686314162303217,1.1067918410940536,1.41
0.4960549345897239,-0.8979765767668936,1.44
0.20807486635484526,0.8673750716113319,1.53
0.5226014804767751,-1.1632471010791603,1.39
-0.29272415789944994,-1.0823310194268028,1.32
-0.02501932985701111,-1.5170579450619746,1.64
0.1436276294874661,1.5117277644813067,1.83
0.1563141199460517,0.7927652381016721,2.2
0.5611892798113834,-0.705322718458262,2.05
0.37282948927931614,1.001744585562673,1.6
-0.15861622417741325,-1.4805122296737976,1.94
-1.1098714922555508,-0.8276935234094953,1.34
0.2464211299339869,0.7447782262915577,1.9
0.11572907257120002,0.8876400718578216,2.2
-0.21885327924010187,-0.5150630741212169,1.33
0.4441182718245092,-0.5310987754908134,1.43
-0.25637601848344255,-1.230521252675563,1.81
-0.1778250641587359,-0.8694657022375825,1.7
-0.5031288199828537,-1.348174024604927,1.31
0.49468360586094234,-0.7918925034498442,1.4
-0.22886077467966917,-0.5613336867654467,1.3
0.26750058673084354,1.1693274616655878,2.14
-0.045737714799582836,-1.2129638039684107,1.3
-1.084561384929784,-0.8222116301321063,1.31
0.46263003723124446,1.315890456106801,1.88
-0.21538314269714082,-0.5147433452962584,1.41
0.4186201742649296,-0.4207778624154266,2.15
-0.3016764114259491,-0.9176363916167107,1.35
-0.10700161297923086,-1.3182268634145529,4.07
0.37032648788569283,1.1690218649436965,3.76
-0.748651096415732,0.12200022133831635,1.49
0.8421540190554565,1.3771963594956897,1.23
1.0436266804869456,-1.1943349774869287,1.36
-1.1227976791009688,-1.0633251003186324,1.28
-0.2176671228575675,-0.48185424580014535,1.33
-0.9274353318913497,0.060904003898037025,1.45
-1.2422161405659664,-0.5944739069655477,1.33
0.8284802003178133,0.9113288792869326,1.26
0.7429502884658343,-0.8780127258532275,1.37
-0.48583671564992204,-1.2721545900831708,1.36
-0.03095762332406369,-1.477541263752959,1.66
0.8479797529181471,1.3195059057427836,1.37
1.0120177891072102,-1.1543899276993572,1.46
-0.2197841257692642,-0.7642043716911459,1.89
0.7722986058599977,0.8567920652870349,1.43
-0.18890715413409737,-1.2618104257186917,1.81
-0.7271784423765048,0.18282029814296483,2.14
-0.23616393152750584,-0.8290691318667512,1.9
0.6980248386313145,-0.7638748788568445,1.51
-0.7025723848753138,-0.49146044496138147,1.36
1.085334491157724,1.3107926724259165,1.56
-0.18692535777849537,-1.3171228360225669,1.88
1.0156198754098738,-1.3389090200139075,1.69
-0.157103379562043,-1.294085942767931,1.8
1.0670301367041406,0.9342517956283908,1.61
-0.07164275559022189,-1.4704261149213662,1.31
-0.10565517511074703,-1.5108293153708656,4.19
-1.0032226994073306,-1.165167431871803,1.3
0.3983433157066291,-0.5030628182901695,1.53
0.7683715104683485,-1.1559418413324334,1.71
-0.051480923298647216,-1.6208495413584194,1.62
-0.20107998483220066,-0.7844156957883739,1.86
0.4639025010955941,-0.712673128985799,1.4
-0.2851779053692352,-0.9378345395568249,1.32
-0.47200960959277544,-1.2164288308073403,1.3
-0.2047007195070997,-0.4565399153777519,1.25
-0.19966551785385192,-0.8040417713642467,1.91
0.3777966607174165,-0.3970297587071362,2.1
-0.7621777027417881,0.12852280882650038,1.58
0.28675247750442817,0.5438862461489784,1.43
-0.614793777879474,-1.4422677720788273,1.5
-0.9428264207567645,0.06015676621710318,1.44
-1.266506315290542,-0.5918477066620154,1.33
-0.16438194290911926,-1.2481842771902278,2.02
0.2097894930746295,0.45868302660759663,1.45
-0.7395685393460348,0.19077399281226515,2.14
0.2757987120578902,0.471891706491134,1.6
-0.16281270112073626,-1.273831040272199,1.88
-0.1310214316231396,-0.9895587815129328,1.86
-0.718192783832921,-0.49230336945779063,1.34
0.4137707637167467,-0.4984809493006278,1.5
-0.214963884726561,-1.114158319428875,1.49
0.20439247153974008,0.4263155724618137,2.02
0.4777548409717816,-0.7135540479468216,1.36
-0.12426659651070229,-1.0208361064112934,1.88
0.39245697005782965,-0.39423047338735934,2.02
0.16785400215853688,0.5173983729456798,2.22
-0.4878304455859404,-1.5914938590493852,1.53
-0.15782764941790453,-0.4852257704593635,1.93
0.6311130005320398,-1.138082446387278,3.9
-0.13324163632298353,-0.9119863417754335,1.83
0.6174415167180872,-1.3197365742244929,1.9
0.7890657548129083,1.2306466336540687,1.26
0.6723466450528579,-1.0609137295685787,2.14
0.6373986653125572,0.6505783916642984,1.21
-0.2287561543496097,-1.3429122998602068,1.53
0.6075953847027435,-0.8886038306800201,4.25
0.6114629584016291,-1.12244731740499,1.79
-0.1570094090085232,-0.4643248007153138,1.88
0.7805930633706617,1.1750675218299735,1.36
-1.256656604437316,0.7015731727174026,1.43
0.6389903865665691,-0.7777435016839054,2.07
0.48374728236211095,-0.7967727117647784,1.89
0.5182016170224606,-1.076567751622884,1.52
-0.130903168650015,-0.570304681798795,1.82
0.7780532783591511,1.213028050272473,1.26
-1.5611651036662977,0.6328715257005088,1.75
0.5229153737449669,-0.6568883548563704,2.03
0.4170437968284187,-0.5014295654333005,1.97
-1.3426060836924723,0.34134697558888205,1.87
-0.09995837475359676,-0.7835582479116056,1.33
-0.11779045064198326,-0.9509333560218807,1.88
-0.8427655849415704,0.2938884217926914,1.43
0.4827286008085653,-0.7084439294726286,1.5
0.3944004817676723,-0.39352142837982784,2.08
-0.43480559116648204,-1.4617534812306954,1.54
-0.9963309748863209,0.1415155404669548,4.31
-1.1984649195102979,0.05292382824820699,1.9
-0.1553805565990297,-0.4780272580537474,1.82
-0.20487579344960943,-1.0515333212490703,1.59
-1.292127718981691,-0.7849190197181588,1.65
-0.1732241658031147,-0.4972620366979866,1.85
-0.9569662777674438,0.2504130920587352,2.13
-0.8318472681741299,-0.7399585690545847,1.69
-0.6991674280604931,0.12464948946185563,2.04
-0.8628670780236088,0.06855819315779607,1.73
-1.6396091110788042,0.761638358468041,1.82
-0.499612028573018,-1.419420675494689,1.51
-0.20407107901383204,-1.029410053664176,1.47
-1.1862938154513434,-0.5917955010336664,1.58
-1.3656441706889715,0.8602422565140513,1.46
-0.41376577184516816,-1.6598074001739622,1.53
-0.6858963099579362,0.16960463745059404,2.18
-0.6367254867655331,-0.47810745376671115,1.47
0.5541755879042697,-0.8230930016877169,4.78
-0.17333939690099348,-0.4799083506992918,1.89
-0.2110462080663159,-1.4220472868998735,1.53
-1.5333806311315823,0.32417933119480113,1.74
0.5762869391197323,-1.0558592992416145,1.8
-1.1330333490361721,0.4668134537613185,1.42
1.054352227172854,1.3151053747651664,1.54
-0.5950975351588478,-1.5067278462207996,1.48
-0.22911113638369304,-1.1983621334932293,1.48
-0.43015901680938706,-1.5239512637071224,1.57
-0.20932599122278117,-1.144728456197903,1.51
0.76149634432862,1.2244855070280765,1.23
-0.4225255569153979,-1.5061225351853078,1.58
1.0342087902525177,0.9341539383619739,1.59
0.5809201748970217,-0.7125021833817106,2.04
-0.08048162851001411,-0.9840474829256893,4.25
0.6201819190908064,0.6521366651146325,1.25
0.4449076314083783,1.2933089787723708,1.87
-0.04480433901421865,-1.2039864894814685,1.69
0.379035299668782,-0.4734049919255121,1.83
0.274694291048681,0.5437143714493412,1.42
-0.12533746851376473,-0.5597627751138675,1.72
-0.11183997954053579,-0.763004058518495,1.32
-0.06470434507424767,-1.0728273592468418,4.01
-0.2042515670889829,-1.123810955251033,1.49
-0.7363903310463076,-1.6372115860383698,1.51
0.19665449984113348,0.4549157949929279,1.62
-0.024956369053253064,-1.2915705976829572,1.66
0.4511378007012368,-0.6659925210140141,1.53
-0.12808926285956643,-0.6126795244955882,1.78
-0.20146311394843514,-1.5442697627896538,1.51
-0.08640124805652248,-0.8415137732691635,1.31
-1.3568806408154857,0.7580967825082454,1.79
-1.0640155073925732,0.4085222353106897,1.78
0.36549533688645935,-0.3804674466854331,2.08
-1.4521390362894824,0.8852955731131664,1.77
-1.3395007341713556,0.404542017249475,1.71
-0.13632792973744415,-0.889711986264465,1.9
-0.5329492468840976,-1.6279769673919717,1.57
0.8110209579964245,1.3738420834046785,1.24
0.7950426497135709,0.9004769154810456,1.23
-0.23958044329395548,-1.409363778637158,1.55
-1.017022393450375,0.1453044318101034,4.33
-0.6293849334282866,-1.563421692245079,1.52
-0.2489500380039605,-1.3576349239567937,1.52
-0.5706989500552722,-1.5662985126176017,1.59
-0.24728580557264504,-1.332543804972968,1.44
-0.15362494178333658,-0.4628614666274214,1.93
-0.11883778286432271,-1.0033149064664961,1.85
-0.7733917717564658,0.9960867772263708,1.95
-1.220639442910891,0.05368114272661368,1.89
1.312498194741065,-0.4027594448423147,1.92
-1.313788767420731,-0.7843989205004771,1.67
-0.971143178676615,0.26874974680538966,2.07
-0.15215818248746796,-0.5073952978735834,1.83
-0.7187308197113413,0.9350871891791823,1.92
1.237905778251147,-0.37973242145116,1.94
-0.12515607190441413,-0.92563017822477,1.92
0.8229802492539204,0.8321002084651815,1.59
-0.8555367558343786,-0.7408790195269088,1.69
-0.566728824878246,0.8270819430863805,4.07
-0.8668009281418878,0.9020034402654425,1.73
1.029189719673485,-1.1784982977098375,1.31
-0.18234400102123752,-1.2400852618252896,1.86
1.1283663067165826,-0.41894540430463284,4.02
-0.7089865510586412,0.12810561160786246,2.09
-0.2136054831381321,-0.7588832411964145,1.9
1.0021928606432382,-1.326267336384365,1.71
1.0363401631508515,-0.9108038560244204,1.37
-0.8751143243770916,0.0712824682769121,1.58
-1.2080538650973045,-0.5913136963625036,1.48
-0.114438331643383,-1.2914654585457201,4.15
-0.17642177209922072,-0.8551470552932086,1.81
1.2616702015784742,-0.6015798955365285,1.63
-0.04199554716211253,-1.4560584407969053,1.63
-0.6948674580862205,0.17636251447196713,2.14
-0.0648277634680203,-1.19041458603592,1.39
-0.17058410554871162,-0.47601016875866714,1.92
0.7439815938071941,-0.8165355415283768,1.35
0.7619453111631712,-1.1279481996124667,1.62
-0.5285806935811059,0.76097294115319,4.18
-0.768964137618809,0.8465029281530462,1.71
-0.14394402884396584,-0.589169191893118,1.27
-0.6504348429628979,-0.4797818789863186,1.47
0.5807911613325256,-0.8319900110478596,4.56
0.5945062452388574,-1.0687759795294682,1.85
1.067487890887468,-0.38616225294530043,4.26
0.44845158591932643,-0.389264891767669,1.35
0.6048381953837657,-0.7194502842872433,2.08
0.7128577755258475,-0.8028524328207096,1.7
1.1949016208044583,-0.5511721414723606,1.69
-0.11801600131441319,-0.8051133557522039,1.17
-0.14704876574353296,-0.6428975956791447,1.24
0.39105844763589304,-0.47221398359097244,1.88
0.46350934282902106,-0.6641600166557244,1.55
0.8037841469527273,1.3238619785691927,1.38
1.0011503913937791,-1.1339167099409047,1.45
-0.0707797857909601,-0.9173474990031275,1.2
-0.2065525139102519,-0.9379143891066107,1.26
-0.04269300756367633,-1.2698555658389217,1.19
0.37644021311510834,-0.3779051039897141,2.11
-0.17613238154690428,-0.5352093677265298,1.88
-0.5511220053572218,0.7334231461163574,4.06
0.746337183621818,0.8463834632255173,1.4
-0.24595964080491534,-0.8156727303502598,1.87
-0.7937137351682887,0.8228225481531953,1.69
-0.8744361226503844,0.9463289610540886,3.84
0.6723263526680049,-0.7321275558199453,1.44
0.2674046249317462,0.463667307557644,1.61
-1.3754605643127253,0.12128871744117256,3.99
-1.0337951708658741,1.020473569332638,1.73
0.19279200745546066,0.4235207384810766,2.1
-1.507448281287364,0.04330759082372417,1.85
0.7565336594463535,1.1662211791156452,1.39
0.5927240702050991,0.6062086180439336,1.41
-1.4279435506807936,-0.9560396651195018,1.65
-0.06910546990919708,-1.0106849272442353,3.99
-1.3373642258400809,0.23377587507657815,2.14
-0.507689047960225,0.8593110898645845,1.9
1.286420237599847,-0.5700405248218837,4.13
-0.029212358032096184,-1.228958664477829,1.66
1.382259860311435,-0.679403054904377,1.7
-1.163527418449906,0.11898549890360145,4.03
-1.3583221868828028,0.02005777029210477,1.9
-1.391406859231501,-0.8267767767381629,1.78
-0.1266756573934602,-0.5710668703263386,1.53
1.0489553311530913,-0.4363980973374079,4.03
-1.1098164338639638,0.27009501699497196,2.21
-0.9667270012759714,-1.0799560732964966,1.62
-0.9408067964305488,-0.8279669061411231,1.67
-1.0976363079026512,0.06424678824270338,2.09
0.9794916455879525,-0.8804442019794477,1.51
0.4164609456928934,-0.3648953156907552,1.46
0.8148984929449659,1.5321795986255113,1.26
-1.2947261359221547,-0.009079151384856219,1.63
-0.1038407347006054,-0.7776997529850297,1.31
-1.405553849144842,-0.7108650106764617,1.55
1.0532932278960752,1.0108239263809342,1.3
-1.0508094454996042,0.20860771656723992,2.16
1.1140659933127748,-1.3075927165983663,1.36
-0.15154063418592856,-0.4758081299142765,1.97
0.8006965759639814,-1.190937998920519,1.36
-0.14520451943248872,-0.6017358591751933,1.19
1.182550862915405,-0.5806827976848451,1.61
-0.8031405602382924,0.11710824051342442,2.01
-0.8015072852655302,0.8974453970564666,4.04
0.8135206714936825,1.4891579549707095,1.38
-0.10371789154300393,-0.8283568470043455,1.17
-0.16966861218989712,-0.4944983133619072,1.85
0.989043291474361,0.9885627096091278,1.34
-0.9767372670590274,0.965955042810065,1.72
1.0897850318961149,-1.2739074506396675,1.47
-1.013868895959161,0.028557383334652093,1.63
-1.3027280449550804,-0.6248561748580107,1.46
-0.5205580026932843,0.6630076741083648,4.35
0.7917191989164826,-1.1104274026930565,1.42
-0.7278635106922914,0.7658799747305072,1.72
-0.7758782240021356,0.18548885957085418,2.09
-0.9716264484679143,-0.6623663674993829,1.54
-0.7534512289677384,-0.5196285101797639,1.53
1.1168284631814773,1.156450946667456,1.84
0.6475155226583428,-1.2199207380871115,3.65
1.2245839265291136,-0.5279977926675399,4.26
0.6382663443481651,-1.379027987996949,1.81
1.3306242684456218,-0.6487962631635368,1.7
0.9868358131453279,-0.3860871568191799,4.13
0.7038509970882452,-1.1420223092770507,2.0
0.6400963243920206,-0.9617706815112347,4.18
1.1153725479822554,-0.5380180456035928,1.62
0.6294129386965883,-1.2182575526453245,1.76
1.043638215414821,1.477102047495053,1.54
-0.5382653160681045,0.7746772671992498,3.97
0.6768301330942811,-0.872907365794199,2.04
-0.8066646829274503,0.8516839904672547,1.8
1.077782562947646,-0.41641969534632084,4.08
0.508460709034207,-0.9174116256751899,1.77
0.5283779091483758,-1.1797581828043326,1.57
0.5655289134232097,-0.7634492932512374,2.11
1.2046312136925579,1.0104501430134258,1.65
0.45359170212038097,-0.54678405888229,1.82
0.7595090580071667,1.425654519012648,1.28
0.4998019681477796,-0.8316496851402007,1.48
0.7927002052481378,0.9399695424041521,1.23
0.7574742474212401,1.3735508498829725,1.38
0.4343089092300091,-0.447091409943007,2.03
0.7467531822318503,0.8843090641666841,1.35
1.2113377852572296,-0.5846950384432226,1.63
-0.5105608826309971,0.7004901266056958,4.28
-0.7276327957076346,0.7988457795891906,1.71
1.0139315363324726,-0.37282470714382726,4.17
1.142832407482688,-0.5341478607715426,1.73
-0.7555605194992777,0.6710623240913808,1.36
-1.326915460860265,0.13266467774401378,3.79
1.0313697241353192,0.9687652780622978,1.57
0.7527811551747955,1.204583931733626,1.25
0.6080022562255685,0.6364990482199167,1.25
-0.4483714744774622,0.411843236912079,1.36
0.753568517172984,1.4067625292228536,1.23
0.7713095690107318,0.9206952422217253,1.22
-1.4684536705617346,0.04481399159947607,1.91
-0.9581882157403226,0.822758227975756,1.25
-0.6233524598131996,0.5139260188442457,1.23
-1.402538475921906,-0.9409730501090838,1.66
-1.2855334557125482,0.23698916020734373,2.13
-0.41990580019283125,0.3492771017294742,1.33
0.9982787511486813,-0.9150860040616466,1.34
0.43209906092625794,-0.385104793692428,1.44
-0.5534478187039308,0.4404994195947698,1.31
1.088605720503481,-0.4525943087647883,1.26
-1.361958414091397,-0.8108202178309061,1.69
0.8507674173092797,-0.25378615502254825,1.32
-1.106286983067619,0.12364935396938775,3.86
-1.3027518441792083,0.031160795675864918,1.89
1.1860190589689088,-1.0203399288495687,1.35
1.2479259501887474,-0.625656171167734,1.24
-1.0453726775712624,0.2789105110529695,2.04
-0.9544956569680114,-1.0293678101327788,1.65
-0.9090263381338233,-0.7905921843482938,1.68
1.0310792891965848,-0.4750091490564616,1.18
0.7657008664483563,-0.7589221690435579,1.37
0.7935657636342875,-0.26521042180674165,1.26
-1.0338816161673725,0.08512941490892872,2.04
-1.2338604292458957,0.001403143190942143,1.58
0.9449915191033587,-0.4327827665209974,1.26
-1.3707595926530833,-0.6983449924643246,1.5
-0.9805821459165683,0.20297320942343092,2.11
0.8360914857253654,-0.17410072986260144,1.9
-0.43011117372954444,0.4726210666814167,1.98
-0.6842631958215791,0.6162075277946296,1.32
-0.7605905229488894,0.12166331811686014,1.94
-0.9454459015373962,0.051264726829385744,1.56
-1.266204581396097,-0.6116034607887663,1.55
-0.7374545159570756,0.18240421677837007,2.17
0.14692666810563176,0.5011642574214186,2.25
-0.8807320364347492,0.7472572072307437,1.21
0.09582654862341027,0.901797570512695,2.15
0.9506613110436143,-0.8760214649997371,1.49
-0.9288434556343353,-0.6337680633249582,1.48
-0.4187149864608843,0.3797502169399971,1.35
0.40123856285876824,-0.36297061443739154,1.48
-0.7052499709468005,-0.5044970023816768,1.47
-0.5516558336488864,0.46779644850640345,1.28
1.1098617619442086,-1.0258814421907536,1.44
0.687933503088237,-1.0816812317273807,2.13
-0.6431805724262574,0.6429740212004964,2.04
0.6510440812013838,-0.808299901860543,2.07
-0.40408487957439415,0.4501572516749982,1.94
1.015361452140211,-0.38991902356660774,1.3
0.6871025241605268,-0.6915221928304306,1.47
0.5352390726538722,-0.6736608375635618,2.05
1.1640227477785485,-0.586030833694403,1.19
0.8001868079953575,-0.24078542976771317,1.32
0.9482668717387381,-0.40284698679206854,1.21
1.0173936021003516,-0.17586250038540244,1.84
0.2592377053681855,0.43897348818342946,1.63
0.18633908882894648,0.41270244079838175,2.13
0.3111113479072536,1.0099222094536329,1.55
0.4065757865988707,-0.41119341153077543,2.01
0.7771518396742287,-0.16692462428655572,1.81
0.7385143240734684,-0.24628388162072493,1.28
0.880392241925613,-0.3690513440896078,1.19
-0.4235031774377381,0.36889957393855366,1.34
0.19474819162419688,0.7809221672799482,2.11
-1.0305727441290848,0.2523847664511806,2.1
1.0249172467932464,-1.0950906939018858,1.68
-0.5585673616690185,0.45507904861487886,1.24
0.6858593578778971,-0.797021492743203,1.77
-0.7258131066174833,0.16823674705400443,2.17
0.6221775844415321,-0.8085993119649851,2.03
0.3886183368053254,-0.4209334487988264,2.08
1.1224581945641567,-1.2306363698898946,1.78
0.8009264759490827,-1.0858182230904612,1.68
0.39658871475813157,0.9647732524651534,1.88
0.2930957740214045,0.7822972175982247,4.32
0.8108930235343305,-0.25241910465407774,1.24
0.4222877692878722,1.3061342353895602,1.94
0.9675269505032725,-0.438565876866738,1.18
0.3105901580133472,1.1607222790767011,3.95
0.2359906351598019,0.8027296243779732,2.11
-0.975622990633335,0.24255507398039075,2.13
-0.5077277848824796,0.41002113752853153,1.23
0.8996357849598383,-0.36201893124676016,1.15
0.22525891520332586,1.1569907129998707,2.1
1.0807822715871869,-0.9325367358517698,1.38
-0.6958343565089746,0.16510628615535083,2.12
0.5955020533541916,-0.7408806352385706,2.16
0.3725893829012776,-0.3915091343803938,2.03
-1.049651956545416,0.2666958626849337,2.15
0.4948148322502389,-0.43978753249017055,1.36
1.0212029422607714,-0.9059811561184122,1.54
0.45194635990527954,-0.391257083598709,1.48
1.2469922185186844,-0.481792225144965,1.21
1.4206396095606921,-0.6139036543412472,1.2
1.3342511802322865,-0.44205774769538886,1.28
-0.4948866591471147,0.801143624425179,1.94
1.0792130676111755,-0.2735163904962175,1.83
-0.4978033683585967,0.7700405756922759,1.93
0.280521196966335,0.5352317028163623,1.6
0.20311930355029323,0.44825332442238125,1.98
-0.7378783967353902,0.1748143919771607,2.15
0.6456558996964913,-0.8186092404493526,2.03
0.14434576983031003,0.7878582813022051,2.09
0.4400144044799408,1.0562237563802055,2.02
0.4044014204825909,-0.4194890143572855,2.06
1.0476547422340219,-0.2885679405185415,1.89
0.3237626359883106,0.8730574243492554,3.92
0.2550043945985798,0.8924881187460507,2.07
0.15659587587224164,0.4741239891823087,2.24
-0.4752603705908727,0.7301536474460881,2.0
-0.9910462903690237,0.25953912997012835,2.08
0.24613782230830905,0.8268707196152401,2.14
0.16131390973631463,0.5562599820253521,2.11
1.117369466538016,-1.0898491025074513,1.69
-0.7054806124052478,0.17131458928457857,2.13
0.7584423353091512,-0.8503157791020945,1.66
0.4082154644048789,1.0759648451337938,1.62
0.2667697541424796,0.8156523290989961,1.99
0.9980587137596278,-0.25877665085329415,1.95
0.618199301720163,-0.749806498074237,2.09
-0.48064694489283494,0.7005710264631788,1.93
0.9713120842439327,-0.2693994362343339,1.93
1.0271787672844725,-1.1919704991746167,1.45
-0.6644037666809248,1.0047409184374474,2.01
1.2737922898129679,-0.33014598739066703,1.97
0.3853129934363731,-0.3893965488038846,2.07
-0.7620616851721833,0.9621119237570782,3.72
-1.0734171868638067,0.2171285859773418,2.12
0.7215900554216982,-0.8759479039288499,1.45
1.062276210967513,-1.2246789050715308,1.36
1.2795945022212334,-0.4549832223488678,4.04
-0.7889925906327441,0.18969852166718865,2.12
-0.6776689607905508,0.9676953462369036,1.95
1.248694206471694,-0.33902203984889046,1.87
0.7813687693809636,-0.9375952879924119,1.35
-1.1161282801821173,0.0638077245606112,1.53
0.862630492361286,1.4033169865772284,1.24
-0.7617129302761568,0.9287581040525943,4.01
-1.3167724747452345,-0.007984875782375831,1.43
0.8040116405231406,1.2413172264195875,1.27
1.2508671785650831,-0.45566602552049895,4.22
-0.8167127931639105,0.12196746552358224,1.53
1.050055994513195,-0.9658657769734875,1.39
-0.993023595032226,1.0685200046540044,4.05
-1.0356432177890056,0.023561653659251856,1.45
1.4309804241419901,-0.5618201446690402,4.09
-0.9554587446468301,0.9906106578406807,1.69
1.354581450283925,-0.599053741724574,1.61
-1.500632865783839,0.5538965145132224,1.71
1.4936450373286003,-0.6859279209132726,1.64
-0.9421135025301457,1.0859966717790752,1.97
-1.3261990742004546,-0.6042528032426842,1.4
1.435739979731835,-0.4740217127945868,1.89
-0.9681790174470113,1.0168193106142493,1.68
0.8835126914910914,0.9394124563730247,1.23
-0.7829016779099385,-0.510391423177681,1.35
-0.9993014606789078,-0.6434970036883132,1.38
1.38254750892497,-0.5897028261332163,1.66
0.6549617620513568,0.674255882829981,1.27
0.4941291604927133,-0.46790359583675994,1.38
0.29517126234487995,0.5863518477089975,1.47
1.1336951252514915,-0.28166699095138087,1.84
-0.4904323504758106,0.7866568630084184,1.95
1.0566109765270295,-0.2598462222652071,1.87
0.21512421120435973,0.46976425228570573,1.54
0.5058952946937856,-0.9260115189046622,1.42
0.529162347622881,-1.1981695022505676,1.36
0.5701380074870516,-0.7549616128498435,2.11
0.4537464412538185,-0.537016900087597,1.41
0.494648160934957,-0.8375933890183532,1.36
-0.8100186544408883,0.9986158551352191,3.84
1.3255834528320838,-0.4710514601318676,4.05
-1.0068789333766495,1.0516391548791744,1.64
0.3042916553459372,0.6044942724834181,1.45
0.22244314710336674,0.48736337503752303,1.54
0.1060815524951795,0.968815956271693,2.11
0.16486084178753105,0.5391388188052858,2.23
1.4208381677485884,-0.5984035198010341,1.59
-0.6834776034368576,1.0476918841399825,1.96
0.43154242167462786,-0.43571371062275976,2.0
1.3198390579454604,-0.3451190324086821,1.89
-0.6038557050357856,-0.94090939038969,4.19
-0.5751453272113727,-0.8774837300902244,4.4
0.44776652569424785,1.0454113407452683,1.89
-0.6180083310442377,-0.95068943806529,4.1
0.332095218407743,0.8563639087603847,4.11
-0.5896904016626496,-0.8867389755994554,4.33
-1.0419630281310106,-0.6663170956030471,1.33
-1.36441284912348,-0.609861384672461,1.43
-0.8382774364833663,-0.5233502440523671,1.35
-0.7119711051161184,-1.1971355666406378,4.01
0.27110153523604075,0.8733137286529876,2.14
-0.6880638224512656,-1.1302093945002505,4.44
-0.8085992002092048,0.10916389655372205,1.54
0.2875401238638941,0.49255500133065777,1.52
-0.6282392591694864,-1.1683092935907815,1.87
-0.7067278012971745,1.3446878820536452,1.57
-0.6527417066347775,0.9945010216401646,1.22
-0.7064592615755813,-1.355868481963386,1.79
1.0987775635763364,0.7365513414598864,4.22
0.21013330646363393,0.4276442298557884,1.94
0.9360222236328525,0.6337361414590238,4.08
0.1650291044802661,0.48882584430526177,2.17
0.9923180618134597,1.2419799961843287,1.61
1.1351667192242825,0.638022294937628,1.79
-0.832075093904498,1.1018559999158948,1.59
-0.7024915173175018,1.4447893299915777,1.57
-0.619023833608285,-1.1476858634147775,1.8
1.0164729971349786,0.8067557652972674,1.96
0.7984869500623603,1.1831814202664486,1.34
1.0886337336205394,0.8316662097637852,1.99
0.8838825480129971,0.8433360479731368,1.71
0.6277563664791654,0.622564865061909,1.37
1.0712337609946352,-1.1345986999160607,1.71
-0.6379792608498278,-0.9919146277997845,3.98
-0.6491991120435853,-1.2130668200598753,1.78
-0.6927295598058015,-1.2936951061584459,1.79
0.7695810244086803,0.7206646380965918,1.94
0.8904802811759763,0.7361358045971248,1.88
0.9967407995862867,-0.9363066927023462,1.51
1.2689249593807665,0.7212838955325036,1.64
-0.6169599236530001,-0.9259061121600423,5.1
0.7302054910622335,-0.8859268494246085,1.68
-0.6294323007524102,-1.1371137850715627,1.88
0.4536363234460371,-0.4220612440778974,1.52
0.47543342405166117,1.36730243685122,1.91
0.3951237529931203,1.2241937423888942,4.09
-0.6127433935965028,-1.0882871118362445,1.77
-0.6038896525064544,-1.071543446737474,1.81
-0.6586892442816069,-0.7424191413226441,2.09
-0.8011704569126935,-1.0015160370721814,2.09
1.1107926628652458,1.3263971984526817,1.54
1.1760095517128615,0.7471493804715165,3.98
0.8723189528939568,1.3434849395488688,1.36
-0.7113844578761555,-0.7973041195963217,2.03
1.3303746864593096,0.7300402603379683,1.71
-0.6757620316731345,-0.7456738892593724,2.04
1.0261163623742693,-1.368371807036957,1.69
0.9242404401953159,0.5725700811521778,1.34
1.1133668691881164,0.9459551656007885,1.63
-0.7419124388046069,-0.87264850052387,2.15
-0.8229594169990114,-1.0878495763994112,2.07
0.8286747618554198,0.890526861563603,1.4
-0.7023821509314767,-0.8370929128480896,2.06
0.774986392522063,-1.2093773805388948,1.67
0.2940796832667195,0.5226910736517847,1.66
1.1496444013907248,0.5880170194693174,1.27
1.0177996069407604,0.5838920950557844,1.3
1.2309551341574132,0.6175880169812886,1.25
0.21788119024625702,0.444215007870708,2.09
1.0101128271233883,0.650473229330459,3.75
1.2184060988657692,0.6459713990152254,1.64
0.6750081813780802,0.48768726538560153,1.33
-0.8892387909736283,-1.0154483492733484,2.06
-0.8994222938486199,-1.2073079773535376,2.21
0.9001124510135851,0.5015752528216013,1.27
0.2822136141198389,0.8965266947219105,2.2
0.17483689807110847,0.5047676617235816,2.15
0.8106648638388008,1.2008559055556025,1.32
0.7320081113062734,0.502274489497705,1.31
1.0334665674892989,-0.93290204090532,1.46
1.0056493881827355,0.5165425614537671,1.29
-0.8608431785464142,-0.9740750930875357,2.08
0.9001313668208474,0.8605143708293069,1.59
0.6401305481209173,0.6353653388705259,1.32
-0.8206937918338316,-1.291932709937164,4.77
-0.7746270363526228,-1.4466878809822803,1.82
0.7664464818392105,-0.8865189462448166,1.67
-0.7794427970312868,-1.1558808663672637,4.21
0.46954592439574144,-0.42560678474897295,1.47
-0.765148410373297,-1.3256385537936664,1.78
0.8329134997144576,0.7220579788564819,1.97
-0.7452332642026837,-1.1190031892642351,4.1
-0.744066511314214,-1.291296378216098,1.86
-0.6807086848689565,-0.8357350591161493,2.03
-0.7234123784627499,-1.1050320268908735,3.73
0.9165013176087549,0.7413681432098326,1.95
-0.7274371345652443,-1.2759624168901837,1.85
-0.8351321499157824,-0.9700192492232117,2.0
0.8156854968793138,1.2575867808072498,1.25
0.612676249993442,0.537605156734262,1.89
-0.7699182448566027,-0.7728218865985658,1.45
1.0931396779932878,-0.9541746110117895,1.34
-0.75697574640326,-1.0596026184872274,1.39
0.6633454969892082,0.6924489675052288,1.24
-0.5910640211148593,-0.5804514510785915,1.49
-0.6336716713483872,-0.7888695517461303,1.42
0.6679827097224355,0.5532883707606207,1.92
0.8328471235648338,0.5657403609953181,1.85
-0.6096275009293385,-0.731576378857988,1.44
-0.8084780959545962,-0.8581246324998366,1.46
-0.7886022650849402,-1.146161924617537,1.3
-0.6299171507703074,-0.6112860057725686,1.4
0.5072095768724401,-0.4653742496558858,1.41
-0.6869784117847714,-0.8839629138626045,1.36
-0.59539606961686,-0.5940978044109237,1.43
-0.6386408465724637,-0.8235195841640562,1.37
1.0751712674850387,0.5689521671222969,1.39
-1.6171039492828099,0.611720281183332,1.8
0.9475322723546133,0.5634418925455033,1.72
-0.8309799377650364,-0.6345038342433561,2.07
1.1643038499311213,0.5838617896188543,1.45
-0.6140117563461654,-0.5043888413143042,2.08
0.7393573958601249,0.6479853412734247,1.99
-0.9030120358986967,-0.6693890531052046,2.11
0.8199740188405042,0.6754645703842983,1.91
0.630153219551104,0.4625382488254883,1.86
0.8211626024445647,0.4881926986602181,1.35
-1.4180591363986443,0.31511893870158864,1.73
-1.4821987942946546,0.6097024171631452,1.73
-1.1717712547670438,0.3378959836949159,1.6
0.6909085262990945,0.4791307453753861,1.73
-1.1510838441392788,0.4036555922051587,1.75
0.9218523398188997,0.4970022140055961,1.41
0.5780808737961894,0.5083076277349788,1.99
-0.6608144187675854,-0.5354762270635662,2.02
-1.276312575968477,0.6796658009632363,1.62
-0.545015640209333,-0.560190666386687,1.49
-0.8425631713859946,0.2732526996102116,1.57
1.0259668927341896,1.2802034348490303,1.62
-0.5972319981431663,-0.7288276525972772,1.44
-0.5819715812964376,-0.5978259775834991,1.43
0.6320237681310529,0.5266465810772781,1.87
0.28283163082612733,0.9605343941767843,2.22
1.1655372157049864,-1.1218604504954715,1.64
-0.623376295508652,-0.8116488257527248,1.43
0.9888091845720811,1.422667604676371,1.56
-0.915105900250632,-1.0497767440109391,1.52
-0.64967799243799,1.351076342324508,1.22
-0.892995061573828,-1.255857959398015,1.34
-0.8517180751423855,-0.7924807018335648,1.46
0.9758467115267759,1.3755068269120352,1.62
-0.5449050490916814,1.0360827039773246,1.54
-0.45771795014454186,0.6921406948709176,1.23
0.7683855948546975,1.4069730059254366,1.32
1.6579281286390406,-0.22720478538959155,1.58
1.7040921059905394,-0.23536684412381942,1.55
-0.8559322490211847,-1.091094894298159,1.44
1.352592075458753,-0.323408488126825,1.49
1.4148721197332574,-0.36016138977618667,1.54
0.7531821505932418,1.3534178749788621,1.42
1.1643597717365655,-0.0966389169902794,1.18
0.832373803818139,1.2314337468484162,1.34
1.252242499770386,-0.11295329606537528,1.21
-0.8210268909045916,-1.0423272543909503,1.36
-1.0016064898072092,-0.8948085452306386,2.04
0.7738417937119001,1.1996601714590274,1.33
-0.9246271151392452,-0.6075547615488704,2.04
0.74724140449709,1.147441754631683,1.35
0.9629690498152919,1.2655008675570898,1.55
0.9325784579990382,1.2212198164836567,1.55
-0.7976182109470054,-0.7147055557822155,1.51
-0.7942844236752985,-1.0254004046712017,1.44
1.5679623984367674,-0.10251353283775606,1.56
1.6209992079274966,-0.11073087709943075,1.51
1.4406566082592045,0.06332835570660071,1.22
1.498375112524352,0.07797987525483809,1.19
1.1885479843862106,-0.1916031180500278,1.48
-1.07786310174805,-1.159570206470599,1.2
0.8696155899207632,0.859991372000646,1.52
-0.3105868992425866,-1.0450023003838174,1.16
0.7978428389551884,0.8220138042879946,1.55
0.6179455376610482,0.6459005275248471,1.35
1.2332201066420596,-0.553724904786438,1.13
-0.24620653399800918,-0.5225798058361613,1.18
-1.1261546775603932,-0.7743295506531219,1.24
1.261671972426488,-0.19610757296243608,1.57
-0.2315765628672573,-0.48018170448922937,1.19
-0.6954569394102134,-0.7439037342712698,1.92
0.908725730126393,-0.09670159398151286,1.17
0.5809252440165285,0.5948494445471131,1.35
1.0794483441590965,0.9820973938045457,1.6
-0.6908247110463879,-1.0201779218562865,1.5
0.7843625818887965,-1.346653720952446,1.71
0.8380101293300882,-1.148186209640803,1.66
-0.5564687442489858,-0.4941520098086447,2.05
1.0111148349920376,0.9564963191845426,1.6
0.9845099179715545,-0.07764389247100396,1.16
0.7866435574566463,0.9261544399103991,1.39
-0.5312704555873786,-0.4831397811752801,2.1
-0.7254403460422373,-0.8442519682634951,1.9
-0.8866770669991713,1.3040123314873864,1.37
-0.637408704738007,0.9056993949822504,1.43
-0.7131404946633231,-1.0996474909059346,1.5
0.7848297112120508,-0.7684574278309079,1.56
0.7319573801367789,0.864344402267126,1.41
-0.6336445789829463,1.3014475332025186,1.35
-0.6002518133714823,-0.5245642649874546,2.07
-0.5658401905112056,-0.5084472436364849,2.05
-0.5519931689081375,-0.5082337976861996,2.08
0.9335657005564166,0.8977491806245286,1.61
-0.5348451103981692,-0.5692100242603533,1.91
0.8036089111041805,-0.927769020569696,1.71
0.6633808190840043,0.6831784113938211,1.38
-0.5140518713976316,-0.5461449455229209,1.88
0.6458909766931835,0.6991543377186433,1.27
-0.44062698069087874,0.6251863584700134,1.44
-0.5806794329858374,-0.7507778366881867,1.51
0.8448515376593161,0.9695620975049892,1.24
1.5196099825884954,-0.023182163915675413,1.34
-0.5613150422922685,-0.7106871385668266,1.54
1.5775799512379327,-0.024582016656320056,1.34
0.8435517070287714,-0.8393337138659646,1.36
1.0913136947485214,-0.1127901189971854,1.38
0.687754125927493,0.753033940950585,1.21
-0.7477886191788826,-0.634070088308351,2.08
0.54970473289155,-0.5096686207932776,1.39
0.7730606202642015,1.2617845174248432,1.25
-0.5703441124374623,-0.6064512455680148,1.82
0.7694966303125459,1.4569078851242088,1.31
1.1806933376951008,-0.12066049224072799,1.29
0.44718174546214373,1.383947994664961,1.92
-0.542730374889974,-0.5847746853616262,1.9
0.3499990594638467,1.2443179594698919,4.03
1.1292724769201796,0.7343414819756677,3.93
0.2535252528882702,1.2375196601433136,2.14
1.29548616444174,0.714793367502187,1.71
1.094252212562555,-1.4174235172079002,1.72
-0.6117345969577598,-0.8314916428603244,1.56
0.8697080627615955,0.556679558240375,1.56
1.2575654893849788,-1.1633290052186553,1.71
1.105146289260948,0.566666808693137,1.45
-0.5836446729987118,-0.7793141610432577,1.53
0.636288295785035,-1.1689862304244063,4.51
0.6231488247992327,-1.3416975449354678,1.8
-0.8138204493933977,-0.6629014660414325,2.07
0.490027941919486,-0.8261198472437409,1.84
0.09456790306648692,0.995620099222423,2.19
0.33247088841508826,0.6867717969337355,1.43
0.5213837324129672,-1.1059244030589475,1.53
-0.5044000184964558,-0.5473253928111338,1.89
0.9639742577740282,0.6300093524578982,4.03
1.1690168302505977,0.6321594815439409,1.66
0.6192909179234054,-0.9110422580135441,3.76
0.23195172367786512,0.534729269712615,1.49
-0.5492557873102091,-0.7099963567945177,1.54
-0.530138013792998,-0.5861338344027827,1.79
-0.5712366492292706,-0.7727712715246494,1.51
0.1195877470780118,1.173844555518011,2.15
0.6164958459900693,-1.1574920705690566,1.75
0.6508957437603003,0.4638061237854096,1.76
-0.37572142193399344,0.3398883650900974,1.8
0.35715669816940976,1.1073433157732955,1.59
-0.6080168739417169,0.5639572479768138,1.82
0.18275562583597896,0.9052865314492814,2.04
0.3097565843861738,0.6014874001538799,1.64
-0.36270743220222407,0.319304113978925,1.81
0.8514364123063266,0.48499336608650684,1.4
-0.48876029532701115,0.40497566505901905,1.43
-0.8022553128215415,0.6898118077152233,1.45
0.22877202177089867,0.48106758002880456,1.87
0.18302203939765938,0.5455105210066965,2.12
0.4299430365905883,-0.5118752757773054,1.82
0.4860815440684832,-0.7353492090734932,1.56
1.2562249765052298,-1.0243861903789542,1.36
0.5857956487503105,-0.913448860404465,4.18
-0.4492951116289915,0.3367665467358114,1.44
0.834263453359329,1.2888212829055017,1.25
1.1427836412053725,-0.9632714331043991,1.36
-0.5689986412476009,0.5962070587513386,1.98
0.5975643305953846,-1.1375254399988617,1.87
0.41127711074101236,-0.5241875491456208,1.82
1.1993802832559417,-1.0182291973130164,1.46
0.4665450731267337,-0.7452179565119672,1.55
-0.36963160343660356,0.41296613476876903,2.04
-0.35592108841524867,0.37613740059092177,1.92
1.0795423398803663,-0.9493432904140192,1.47
0.22483062619163374,1.1857351786334727,2.16
-0.40713711264460906,0.36667679183330726,1.68
-1.0836004055464876,0.11044247294326431,3.93
-1.2740675634394978,0.025866555944494985,1.91
-0.5366036044640581,0.4515921952135299,1.39
0.3594351075829392,1.130650082534886,1.48
-0.6775948053991758,0.6114040919463705,1.71
0.15574319815279872,0.9217202222901253,1.54
0.3246258462384555,1.0371651890288383,1.57
0.18711449808151562,0.8132452777083291,2.09
-0.885863400329537,0.7511419058820109,1.38
-0.7490852538920189,0.11052012965775299,1.9
-0.9306995066514508,0.04781805680082046,1.66
0.12052897877679318,0.8392087441402544,2.21
1.2013466406252604,-1.0346406950054852,1.31
-0.384551063974833,0.3344784057654044,1.71
0.9467982928566724,0.6083410270265995,3.88
0.8248701270758991,-1.095904606492872,1.67
1.1439074857825968,0.6159359410857724,1.76
-0.38185817360699953,0.31623506914516575,1.71
0.6351569007933262,0.44774429489503725,1.75
0.7980105250886499,-0.7768670857787142,1.36
1.1577961009039759,-1.007945340429895,1.51
0.8282816100542194,0.47494864246340024,1.45
-1.3193497649549837,0.7045548579142983,1.39
-0.895680389805262,0.3107142351728771,1.38
-1.4430476668429,0.7772887652853773,1.77
0.7533722608830437,-0.24245402590580908,1.66
-1.3014955874930465,0.710968455353988,1.63
0.8582873907444902,0.5956862191072371,4.05
0.7173291652602874,-0.23529920794529807,1.75
1.0645839053212076,0.6049859150462275,1.7
0.5806605848337363,0.43630336328735964,1.8
0.9509569754783104,-0.3470709368770696,1.72
-1.4701410878435057,0.909407330144777,1.8
0.7555094749781434,0.4618163900966094,1.42
-1.352262610449231,0.8575695275362275,1.62
-1.2954041374473306,0.18569928801394708,4.1
-1.3801653806547531,0.7849164825887398,1.72
-1.4482194688460344,0.10476067137623736,1.91
-1.2423458891391954,0.6995700171179516,1.52
-0.9909970494142225,0.16119967853414194,2.0
0.7031064560831124,-0.2398956445933932,1.74
-1.388274398157855,0.39727415320056186,1.88
-1.1109286416444397,0.46695885725016734,1.51
-1.1158642622420092,0.4215308576989398,1.77
-1.2147077990988016,0.07663981691645308,1.59
-1.0888030708356575,0.16298698884250806,1.55
-1.293014246796051,0.07081912175055713,1.41
-0.8286036088463128,0.29176764349314105,1.52
0.8075388987638041,-0.2602163613619878,1.73
0.7683943919309641,-0.25526042257813175,1.65
-1.2022151978115716,0.41685017571455113,1.77
-0.5729080299557625,0.8628967803709303,1.43
-0.9202170752615596,-0.5861539349399992,1.48
-0.8356836232565494,1.0444662379043403,1.41
1.0158470515608609,-0.4428914528716786,1.68
0.7503959618800632,-0.26345751109913207,1.63
-0.5714062189640766,0.9656257863322377,1.32
0.9907060088022903,-0.2912735327197382,1.76
-0.8832448993291653,0.30757385547993454,1.54
-1.529644718393694,0.6127893653982813,1.41
0.7207029934092398,-0.7056048336876874,1.53
-1.0527668266405579,-0.8853464928358594,1.48
-0.4917490805779834,0.3895129235011163,1.4
0.9607728458819605,-0.4347737048695644,1.35
-0.9930269563334153,-0.6005406401090306,1.56
-1.3879960131607223,0.8853444792556175,1.36
-1.2807951572906822,0.7358499105713964,1.43
-0.6236079773887786,0.8450600257759521,1.34
0.9097114783651633,-0.39737865379147164,1.37
-0.6317723483802267,0.6443447263295348,1.94
-1.1900622350147536,0.46822418701454643,1.43
1.0262991289245984,-0.2020891741036252,1.85
-0.8845162261228621,0.32612316588429857,1.4
-0.427174416855605,0.5792891555246349,1.36
-0.4108744878382639,0.5181908956041834,1.4
-1.2371902227561644,0.3657248797238079,1.42
-1.459386507585628,0.842644178867137,1.77
-0.39366138102424425,0.4413992046356672,1.94
-0.4338715360753165,0.550685816435108,1.41
-1.3759978603682836,0.6785465816923782,1.77
-0.6885423228394214,-0.5090624076365846,1.49
-0.37541361460014155,0.40339429771973406,1.89
-1.321556705920545,0.3929176036726105,1.85
0.7880179118619686,-0.18325516500368033,1.94
-0.4156874299290197,0.5193390732338836,1.34
-0.6487754669608112,-0.48728120188273816,1.48
-0.8623824887005086,1.278086987280007,1.35
0.745996737592846,-0.18468197562632013,1.9
1.172337695377429,-0.6039760473752361,1.39
-1.0479632412491044,0.3946946448875279,1.68
-0.3719292155649836,0.3855609871823245,1.91
0.8948920037515177,-0.36526086089660414,1.36
-1.3217565055529856,0.8046165407398758,1.63
-0.6230937674466568,1.2635426554364078,1.36
-1.2080128292568884,0.6429592155728849,1.54
0.8528423133434216,-0.3472279938144452,1.33
-1.0428576159826797,0.4300883273735227,1.55
-0.7810216059970408,0.2587814180319068,1.57
0.9443723452089625,-0.21374238055486908,1.84
0.725543462063963,-0.1929689438908513,1.94
1.0979416239840463,-0.5482019900620017,1.29
0.7305759136275629,-0.17401354928927834,1.86
0.6977843822031969,-0.17890007000051805,1.88
0.83664890113751,-0.3531980107490252,1.38
-1.2543763595264599,0.6628149957684435,1.43
-0.6232697152924161,1.1734296824978436,1.4
-0.48445089282568826,0.3619776129903042,1.4
-1.3593664859820938,0.8344948195477326,1.39
-0.6456027684492157,1.2282971670808858,1.35
0.8905947494960894,-0.39734938364835887,1.39
-0.8308894009344143,0.27974293974528897,1.41
-1.1130123003743202,0.45423487106589344,1.46
-0.7841770111291292,-0.7421519635579377,1.93
-0.7808212137489077,-1.045671663457983,1.54
-1.3420260378774873,0.7387253685397148,1.43
-0.9436399041144359,0.357133056708676,1.44
-1.2400907845270543,-0.6200325321649389,1.56
-0.8622931594979839,-1.0082449476005821,1.91
-1.3201084260578249,0.6620628394958866,1.38
-0.626423104041701,1.1944209268179147,1.4
-1.2053239189288407,-0.6003921386865101,1.52
-0.9877469093318869,1.353292738703218,1.43
-0.839796013251354,-1.2276004565593213,1.51
-0.742427901326515,-0.7028453029996449,1.94
-0.7508873153823165,1.3848590808577625,1.35
-1.5036674865295094,-0.7440988712890738,1.53
-0.8860728942436474,0.2914349362930915,1.36
-0.7469596527283773,-0.9972890383877427,1.53
-0.9372253351890564,-0.8797804092831031,2.02
-1.4340912956200933,-0.640779910058313,1.5
-0.8418789090279711,-0.6076580998538715,2.11
-1.367771404676389,-0.6553877733559745,1.48
-0.789893940278781,-0.5994268919255781,2.03
-1.0897164254269056,0.17386637818425002,2.1
-0.7225495994628172,-0.7006363459782426,2.01
-0.7267490075013161,-0.9881459331702711,1.53
-1.2998855749416658,0.07249237229274569,1.63
-1.3697943849222391,0.1877544052322289,4.02
-1.5090335047942611,0.11020610226375066,1.83
-1.5045299308693527,0.18033647444060946,3.98
1.2630402123977276,-0.4281024029527799,1.72
-1.4277686462160106,0.6932005353217982,1.85
1.3663225353916295,-0.6032115458806945,1.32
-1.2712983028223204,0.6465517120857561,1.58
-1.1345092979809381,0.38402659015987034,1.77
-1.6122847969020964,0.11556157682385172,1.86
1.1707279280652567,-0.4653627961158487,1.31
1.2611291740486341,-0.2801750065698385,1.83
-0.8325229280069021,0.2613529832896424,1.55
0.984766513102376,-0.1484698540543759,1.87
-0.5985383315242641,-0.5884755836934548,1.44
-1.31944724893437,0.1603055911612943,2.17
-0.6416057118263199,-0.8162813732235863,1.41
-0.5666335192763241,-0.5690390799752464,1.41
0.9929942239058508,1.2657577075621065,1.57
-1.4665245445023323,0.07650006449247743,1.55
-0.6112538152692907,-0.7557755944838179,1.36
-1.3063457709356592,0.728906158192475,1.37
-1.4753580827072257,0.253034589482661,2.17
-0.4236329237212251,0.37844277144797944,1.3
-1.2665207367904459,0.6979624536279423,1.59
-1.2733980449347535,0.27012149365366533,2.11
-0.558308001235653,0.46330853207091177,1.28
-1.238977116531013,0.6691569757711826,1.57
-1.315089074908058,0.30923266816263467,2.08
-0.40056169622074705,0.34527139331192147,1.32
-0.5124972561241297,0.4074041330034362,1.28
-1.0057723420550668,0.3462317155154026,2.12
-0.7026441942141948,0.6247885907400138,1.33
-0.9093860305459395,0.7660218398314376,1.31
-1.4993553478010129,-0.9929255827568192,1.73
-0.8545644029756907,0.2845551031930192,1.39
-0.7774672046807449,-0.8044118171082459,1.39
-0.7647823606223331,-1.0900184184864543,1.37
-1.4805439151665323,-0.8665370276660797,1.74
-0.8028521346394307,0.25970500567312105,1.57
-0.6969778836134458,-0.7775487448744018,1.84
-0.693664496709868,-1.0452548037403993,1.52
-0.9964875259030384,1.4831831233845574,1.6
-0.8132034585980772,1.498177902465205,1.65
-0.5444383190112155,-0.5794355936459533,1.85
-0.9848615526309193,1.1650172858374068,1.57
-0.7617626424508384,1.1380240513766404,1.64
-0.5866733713277512,-0.7719277821926768,1.55
1.0554716203266445,-0.9285730605372446,1.36
0.46580022547955047,-0.4119225985180326,1.32
0.999461256797014,-0.8976405116769557,1.46
0.43055184308992456,-0.3794945448468981,1.45
-0.5213601920219154,-0.5556330894203674,1.83
-1.0088712973987801,-1.2079673024585915,1.69
-1.0231828590062777,-1.0105942530327539,1.71
-1.5510465355355694,-0.733930152833126,1.36
-0.5660365346989817,-0.7256852493794763,1.5
-0.6237235348515965,0.5690357618520765,1.74
0.1667887548377764,0.47649618392874005,2.14
-0.8266730086753514,0.7023591365834421,1.41
0.2678747702246824,0.8395207571189526,2.13
-0.383565934662737,0.3430142825702037,1.81
-1.1118671947975636,-0.9121534564970065,1.36
-0.49391471248643387,0.40260225603678046,1.47
-0.8958099651269338,0.3215609114103531,1.46
-1.4840293977792258,-0.64223429030245,1.32
-0.841819438175518,0.2839491339867032,1.6
-1.4103193764510429,0.7690032830246295,1.79
-0.36896236742125954,0.3212012842429886,1.77
-1.0586613727364114,-0.6167315834228397,1.36
-1.015652530682038,1.3841777814248137,1.26
-0.894172643772942,1.0833698888189127,1.26
-0.45614198309635073,0.34414040399839557,1.42
-0.7767724402407689,1.4243366704353189,1.25
-0.5543763350820986,-0.5706808323042933,1.39
-1.1454871751365936,0.4152464690670316,1.74
-0.5940162717310856,1.0390184495255592,1.2
0.3036120722470572,0.6143117821519848,1.44
-0.600553600911932,-0.7492285496148209,1.39
-1.3877313085351126,0.15601134947464593,1.59
-0.3975262476314037,0.32612918480966124,1.3
0.2209335571959508,0.49587938028605066,1.49
-1.5212424402008424,0.07744307693183332,1.51
-1.3454000619081279,0.26448676975439933,2.17
1.102633637235753,-0.9440403032398317,1.33
-1.1729789129691017,0.16831110037383898,1.54
-0.5056857040714662,0.3835488112696168,1.25
-1.375127716308292,0.05028447971041016,1.42
0.5071529982161498,-0.456828168547184,1.37
-0.5109651719562776,-0.5569710020575243,1.83
0.29245139251308466,0.5357299098749179,1.58
-1.0962782581516692,0.3272527013481459,2.1
-0.7861866188725312,1.07241928951018,1.66
-0.5545129677176812,-0.7238020101277154,1.52
-0.3673801236881343,0.30741543697737994,1.78
0.2164471988535039,0.45129012476033004,2.07
1.0421180754568267,-0.922723582641976,1.48
-0.4462924670134693,0.32034066697276103,1.47
-0.6903926389595957,1.4130021314826076,1.65
1.0295417554587307,-0.43077353563789955,1.24
1.1909514973478394,-0.6071004979222829,1.2
0.8127992965768307,-0.24514178956190794,1.22
-0.5270202748732037,0.9832041901852125,1.55
-0.6439257653062249,1.3125161618291137,1.24
0.967973274725156,-0.4285077473988135,1.21
0.4698425840952294,-0.41672818837292974,1.49
0.17462683847375235,0.5544549301948006,2.09
0.1739886915703705,0.5122294313070822,2.12
0.46272616267816946,1.0799004838939978,1.86
0.3420310111505526,0.8863390874595205,4.05
0.7730590077343915,-0.24122964809498465,1.24
1.135825214119629,-1.101256917090972,1.69
0.9152642119549219,-0.38466584555096994,1.24
0.9672578028198248,-0.3727285617177975,1.64
0.774182233127294,-0.875896851536671,1.72
-0.6545408901533568,0.918668233195941,1.26
-0.4540516664441918,0.6259319093871681,1.24
0.27670304392309697,0.9027311798790499,2.17
1.118071656373533,-0.569911217826942,1.33
1.3887212816807442,0.03689683108927002,1.35
0.8459491040608623,-0.1165819349890992,1.29
0.6867323469848405,-1.3494399533272032,4.27
0.7698688289827692,-0.24818101136674367,1.63
0.6087812123012699,0.6056072145713745,1.39
0.6842578475626021,-1.470296062701646,1.84
1.7839610202523195,-0.22634703081501922,1.51
0.9106978508880649,-0.38616864944271795,1.32
0.7313996209435341,-0.24000897081329098,1.64
0.8048149524485383,1.2647008792896082,1.26
0.6605585418085428,0.7008769119996575,1.24
0.8658351297671957,-0.3575514038661761,1.33
0.7540616859197021,-0.2522550354615234,1.21
0.895461147729865,-0.3862767831005271,1.23
0.7164287138760003,-0.24601697219612031,1.71
0.849917476437882,-0.3626760093310855,1.3
1.5164747593664767,-0.4293752956737886,1.57
0.5689114242604224,-1.1695885246547217,1.95
0.5917123686113726,-1.3396173980007116,1.57
-0.851439017785096,-0.6434252023709286,2.01
1.6791277133454119,-0.009167236893853585,1.31
0.803580979243447,1.2057669381694343,1.39
-0.6235480805834354,-0.5144258694274264,2.01
-0.5884922193994176,-0.4985528994814109,2.02
1.0415118647599726,-0.1760888470383712,1.97
0.7931685641915599,-0.17181217384804323,1.88
1.3628394113505868,-0.21769124867774656,1.3
0.7516550199434395,-0.17346861235419334,1.86
0.6369418794420009,0.6434438967028936,1.4
0.8957558504930122,0.8661989534249498,1.53
0.28116816698869895,0.5114815327349358,1.46
0.7235559692583947,-1.3013106425304257,2.07
0.20078446655632629,0.4397658308484372,1.57
0.2683534329187644,0.44815281387111017,1.56
0.6825314146671502,-1.0440335015671651,2.22
-0.7631709951425045,-0.6413081714122607,2.04
0.19698846623103897,0.4142995912839007,2.03
0.6881077616093938,-1.1893439307185647,4.23
0.6732835084476169,-1.3615241725941547,1.79
0.41776890557187507,0.9824274745558449,1.89
1.7159079412332925,-0.08798656251035078,1.53
1.4195793283820946,-0.29848725409702215,1.57
-0.5670776017718505,-0.5039730305775103,2.11
-0.5392264933083079,-0.4905103274821308,2.06
0.5633700467161541,-0.8371483419397516,1.87
0.3096009585139743,0.7955497587064893,4.01
0.5593657766629505,-1.1470316944486398,1.5
1.5724908282587304,0.07624966806235492,1.34
1.1745204765975807,-0.0636190824463417,1.29
0.15803146777424054,0.5006014434475593,2.07
0.9633564415829114,-0.21143836802907345,1.99
0.7474430706222606,-0.17879225493018663,1.91
0.7661103426936416,-1.0769600174501817,2.06
1.0169616789350517,-0.9337858620220246,1.34
0.6282657850838042,-0.6613434665973013,2.03
1.2571815565797118,0.8594651722373776,3.97
0.44962867767060455,-0.40784989544450784,1.38
0.710538316185634,-0.18197297914308883,1.9
1.3858172495282677,0.844372651821545,1.69
1.09636310582691,0.7577544016688712,1.79
-0.6617499394939756,0.6482740315264529,1.95
1.2732458016691903,0.744008486015956,1.43
0.1597578682397364,0.4619628803031185,2.1
-0.40869151346769994,0.4458485579752205,1.9
-0.5822634131506119,0.6019723682899045,1.92
-0.5771101223385319,-0.4978565139987026,2.12
1.1930622515814922,0.9157154816510036,1.96
0.9681794041229752,-0.8959010601509886,1.5
0.4150844548065144,-0.37629762017979146,1.53
0.7314457726623125,-0.1827341582402155,1.87
0.9837614109216507,0.8567301267329612,1.94
0.25348930514616763,0.8134793959602384,2.07
-0.5280224410621576,-0.4915599365299718,2.09
0.6953937693945872,-0.18878226611322205,1.92
1.1464296381390666,0.8004584712639028,3.92
1.0444489626049613,-1.1068832869837912,1.71
1.3023791618420955,0.7909086133418489,1.71
-0.38821018839545685,0.3952640808607626,1.9
0.6985882872069691,-0.8258419786658562,1.66
-1.2811282991408905,0.6570252454075798,1.5
-0.3578184962355479,0.3620569116822459,1.88
-0.3755077122864264,0.41241944131059555,1.98
0.9050617482852847,0.6522762671806995,1.9
1.136759640962372,0.6624050708766487,1.42
-0.539774288413782,-1.4963374143788284,1.21
1.0576622255008912,0.8693826375461562,1.98
-0.8455782399620362,0.2686946710232494,1.42
0.7557517197874972,0.7664487210323352,2.01
-0.31490739758407227,-1.0863352091432132,1.21
-1.1646986595586024,-0.8564956626259272,1.17
0.586607039092154,-1.2417528989182889,1.5
0.6098405169024534,-1.3920445344615455,1.36
-0.24347466192479433,-0.5408910185767447,1.18
-0.4964307397338733,-1.4568951995923287,1.34
-0.2852571295443015,-0.9803970571027422,1.36
1.7171232220816108,0.023780058898451965,1.2
-1.2310075885716456,0.6422673033005261,1.59
-1.113875741035756,-0.8194257075803599,1.25
-0.7931212426144841,0.25257359009042607,1.57
1.420276119618567,-0.23766121346841712,1.15
-1.3964936404166002,0.6795586453507313,1.79
1.2460416298800463,-0.06307722182145062,1.17
0.9149888077285109,-0.1088273603399306,1.36
1.3749310636594465,-0.3379289403541529,1.56
-1.0749696433345777,0.3864567793749839,1.74
-0.21864349058316584,-0.5040653694524629,1.27
-0.46678761586329115,-1.2234839713472587,1.31
0.6262713240258013,0.6344948923982588,1.29
0.7687288944163791,1.157471473483271,1.37
-0.2028796557755639,-0.4672577730143296,1.28
-1.0822726055534446,-0.7743707189888422,1.34
1.118786061225344,-0.11675736339936958,1.38
-0.20608166897394628,-0.4721352399382824,1.28
0.5962599678587727,0.5955052090009333,1.39
0.9583410829621472,1.2256504299301347,1.56
1.2123047345494395,-0.19356149123728478,1.46
-0.3615714333599883,0.3777798341553253,1.98
0.8356988156361556,0.8204931065154394,1.57
0.8642174222150314,-0.1186779470716956,1.26
1.1939906773774078,-0.10121335995588915,1.21
0.925923262738078,-0.09442776137781847,1.15
1.2286372361824256,-0.061896375428809124,1.19
1.4612486372950904,0.0667550776686172,1.2
0.9613127853539802,0.5663829862832813,1.3
-0.2321250303608312,-0.5009538358280947,1.16
-0.21332888596774605,-1.14198033447393,1.49
1.181444254859785,0.5910861748601522,1.3
-0.5852161567937348,-1.4733504211955033,1.52
0.6921442474601718,0.48695782580165803,1.38
0.9340695209587389,0.5001332895162608,1.22
0.8121867520801523,0.7076362942591148,1.88
0.6320218557947308,0.534882941639527,1.94
1.6753278209291094,-0.23036375573543016,1.6
1.5876383325175907,-0.10784463637502834,1.52
1.5404174333297513,-0.02117297408593391,1.32
-0.541650717222973,-1.4497306102897556,1.47
-0.20014018608346218,-1.0819513789524111,1.49
-0.4144585425558316,-1.6291266968621725,1.57
1.4116030092223202,0.03841232924462463,1.3
-0.21979517896169937,-1.3723052138319825,1.52
-0.6229715687623691,-0.9452001554781657,4.15
-0.6317588885060436,-1.1650859700817464,1.82
-0.5302047672928404,0.7823187728734651,4.12
1.0427075917272757,0.8097615379515446,1.89
-0.7983405675482663,0.8587164257477904,1.68
-0.8246141104728955,0.9126054024640924,3.98
0.7621432399848547,0.6424957177148898,1.95
0.8632177756905721,0.7191067340833189,1.89
-0.9983108961442434,0.983036660063198,1.72
-0.6921639994759611,-1.1555242228007994,4.17
0.597138067558607,0.507104660910004,1.98
1.616908727411092,0.09385526396857506,1.22
0.5811178256020221,-0.9509912437487369,1.43
-0.6927920618515162,-1.3175653860563674,1.8
-0.598197457752055,-0.9051632099536063,4.49
0.5698433898160842,-1.2385868870215087,1.37
-0.6142443967801547,-1.1149311839031595,1.76
-0.5117752344102294,0.7191084968227325,4.04
0.7198165131013582,-1.1163430314329272,2.1
-0.7485019040106746,0.8125204097027557,1.71
1.2445614062252597,-0.5487846854550136,3.91
0.7069024858632932,-0.7172469241494716,2.05
1.1596656542012078,0.7864910094906813,1.34
1.3208221753111735,0.768985960924309,1.27
1.346580073462597,-0.6640295901471187,1.66
1.0839117780550815,-0.40122932578746356,4.07
0.9780413956515804,0.6889017300577106,1.38
1.2153494497361954,-0.5753141697434588,1.71
1.0337789032340676,-0.3903294315759506,4.14
1.1610845490346349,-0.5529543748778626,1.63
-0.5230336031447791,0.6823970725276651,3.98
-0.745582543595271,0.7802900304941335,1.69
1.210116641970452,0.6765625198823978,1.27
1.0536839758949677,0.8798121729474281,1.91
0.8133443323081654,0.8047542674498777,1.93
1.450604119444971,0.04337199686220746,1.34
-0.4806543925137691,0.7172387926735874,1.83
-0.48780914646899765,-1.4452605348506131,1.52
-1.4169820567628109,-0.8838861946942465,1.8
-0.7452872148842535,1.300225169795218,1.58
-0.8440939568601705,1.4283074722670528,1.58
-1.2499675038680838,0.29289519606998904,2.19
-0.19804259337078123,-1.0600687814113876,1.49
1.001820296503004,-0.40898738950399166,3.95
1.133361875042167,-0.5550341017840993,1.61
-1.3328612893648821,-0.8254943595787234,1.64
0.9929843999558869,-0.27479131837744836,1.81
-0.739231845491263,1.36631732237433,1.55
-1.3070433149707978,-0.7989589054505695,1.7
-1.0216029055553857,0.1259443716702046,4.1
-0.7286876910046888,0.9576310831751461,1.92
-0.4925110408587503,0.8061392400194065,2.02
-1.219737213757894,0.036073461091226625,1.87
-0.7337309371404623,1.3287445496511059,1.62
-0.476958924648081,0.7468587847123608,1.89
1.5126526134007507,-0.12246920548284067,1.55
0.6547445122885107,-1.115276794302257,4.41
0.641874785318403,-1.3072266296959432,1.79
1.2612314331325818,-0.3863127403747635,1.93
1.6647587306170857,-0.16139727498488363,1.52
1.0811632332508812,-0.26562323349636213,1.87
1.019964138100494,-0.2655546022779513,1.84
-0.8112204409339663,-1.0256439857276591,2.06
-0.7126496031304489,-0.8253588859227196,2.07
-0.6810346418382799,-0.7765591245847808,2.03
0.7086578419382916,-1.0306881992142805,2.09
0.7716448678373946,0.6661867467599916,2.04
1.0813519172754804,0.7661443317621668,4.0
-0.5838154024674069,-0.8958223670774944,4.13
1.2501440496308276,0.7609211325456097,1.71
0.9973424105280092,0.8332896334542833,2.0
-0.6060625769134244,-1.0961891642542627,1.91
1.567294770723317,-0.14549909367164326,1.55
-0.6626581460608679,-0.7702239518174203,2.1
-1.1181307867817296,-0.7935862964397337,1.16
-0.23099335828835385,-0.496201393854247,1.18
0.8486453915956514,0.6955006993845905,1.93
0.5694889932708079,-0.8515052146014893,4.07
0.58412970634172,-1.0786010752194444,1.86
1.5327443000597187,-0.13050859227924747,1.49
0.8876979788353518,0.5913878081779449,3.95
1.0919713748103463,0.6002483761309961,1.73
0.7968205038341885,0.6639172810845257,1.95
-0.7123124617650507,0.11849505790109034,1.95
-1.4478663325013963,-0.8647518575043994,1.71
-1.4279175380015934,-0.6380240447413851,1.37
-0.6775039155543733,1.2730839316490423,1.26
-0.6621382891538855,1.2383014931496945,1.24
-0.6620309182884428,1.2155194718365532,1.27
-1.3000861093979172,-0.6160292156503553,1.4
-1.0177564812316484,0.024950769864551577,1.44
-0.7818140204187218,0.17658560038378554,2.08
-1.2627797531865594,-0.6022336249657436,1.33
-0.7668420262304018,0.11370476169832434,1.47
-0.950598756738206,0.046424083108164996,1.44
-0.7426007873995335,0.1738395959289905,2.11
1.3793812740361058,0.03235169604688529,1.16
1.4423922930729374,0.03595803170057181,1.2
0.4133735846218025,-0.44383536555606307,2.12
0.6169635044460146,0.45443656044063224,1.39
0.8086213451557085,0.4824367926144779,1.25
0.5672336672922506,0.4989282385503072,1.98
0.680166986970307,0.47156936414026523,1.33
0.9062614936723865,0.4919211604290773,1.31
0.6194291174398888,0.5208210531446735,1.95
0.4100571940381508,-0.5142378128371493,1.43
0.467063076038096,-0.7373857748399236,1.39
1.402094344684508,0.03263307211105525,1.18
0.3884969588933854,-0.4110578767439124,2.06
0.637649674480962,0.4551780002378363,1.33
0.8363571532879261,0.4796544260676586,1.3
0.5847264591404544,0.49796935564608835,1.9
-0.8781744338041649,0.06153508377644973,1.64
-1.3953632648442091,-0.6395495695109001,1.43
-0.9951518252141522,-0.9762393558144644,1.67
-0.9438032201808509,-0.5839087056163577,1.48
-1.4697310416938694,0.10815251016118037,1.86
-1.3192933363623043,0.18865013043760903,4.11
-1.268059862470721,0.3083504504745801,2.18
-1.2391507628883829,0.07847353827429088,1.57
-1.0135559181733218,0.1688148154320176,2.06
-0.9623714718876967,0.3182052777168782,2.15
-0.812727821999031,1.4655218329333168,1.6
-0.7160506649266148,1.1059289307569153,1.58
-0.79423729182323,1.3758474614332652,1.26
-0.5880146077574687,0.9785612442951799,1.29
-1.450779194957231,-0.6330769862756237,1.33
-1.0139264622589157,-0.5962286245130121,1.36
-1.3221256557239567,0.061441133527924074,1.44
-1.113790266089127,0.16795404959204718,1.54
-1.024866697103216,0.34316789811912246,2.08
1.685803382565385,-0.10897613224556997,1.52
1.377706848118865,-0.2776417185989303,1.52
1.268885284399769,0.7722220845083345,1.72
1.105023368827821,0.7774104975899142,4.08
1.0146054646956375,0.8487695330842925,1.94
0.659216803688752,-1.3228270735739014,1.81
0.6725639893028857,-1.1340519628768506,4.87
0.7381013044373267,-1.0366105802422072,2.15
1.5832222029237566,0.08695468646563558,1.2
1.187059085890928,-0.05429187526871975,1.16
1.1570687842832827,0.6632357428113921,1.27
0.9181818224682264,0.659149043745661,1.4
0.7551610116084847,0.7798649115370524,1.95
0.5515526408658311,-1.1772993381254897,1.38
0.5452481346760472,-0.867909743288284,1.5
0.6336732509518672,-0.6616199469623032,2.04
-0.5127569661931831,0.8999443572027929,1.55
-0.6450355963220314,1.2468432437371775,1.21
-0.4425731404838078,0.5706421219456606,1.2
1.5322851962569766,-0.10813496553561268,1.47
1.1364150984907588,-0.188244232500873,1.42
1.0859813322375353,0.6172642407547494,1.7
0.8800645681775411,0.6069746445490127,4.04
0.786572778522197,0.6822688569233407,1.95
1.4006580087969036,0.05064832283027028,1.16
0.8533428904492621,-0.11019560937323293,1.22
0.8309345505118804,0.4887180888404602,1.26
0.634370831169784,0.4661222788677745,1.31
0.5813477861126367,0.5116082917614934,2.03
-0.6967696463462655,1.4100695006850354,1.62
-0.5288574403387664,0.9798445891474814,1.6
-1.3575833818155174,-0.8192080112128324,1.64
-0.9031250387790034,-0.8000849322951695,1.71
-1.3026231656925407,0.02384509542819885,1.87
-1.1072252768857846,0.11356739024587788,4.19
-0.6499261511415909,1.309234070187991,1.23
-0.4598132571086454,0.6139837491327549,1.31
-1.3239338296707353,-0.6099255895809202,1.33
-0.7810028538441743,-0.5137118523494177,1.33
1.5871235383307165,-0.12477117301080821,1.46
1.2114483544100672,-0.20085526944156482,1.54
1.1715032711708615,0.6253775186031001,1.68
0.9677838999183735,0.6208085417942455,3.97
0.8682127020923667,0.7110147741022873,2.02
0.6119149209055227,-1.1625331382180477,1.8
0.6125719659233307,-0.9185749401544333,4.37
1.4616301663327649,0.0596030366487048,1.21
0.9233972665929143,-0.09936109249355861,1.21
0.9356772459968402,0.49732161608925923,1.28
0.6941749577064779,0.4819604941556536,1.32
0.6345802400454762,0.529547274526193,1.95
-0.6153311271573424,1.2002264084397367,1.37
1.3490908429295434,0.027813661647429894,1.26
0.7712491405024486,0.4704668378987869,1.37
0.594588278145301,0.44437075680351273,1.8
0.5546894658636333,0.48158489092926693,1.96
1.3285504683091547,0.01655280085510234,1.28
0.5445819973418092,0.4711113202078878,1.93
1.3914357110408184,0.011687076747627272,1.31
0.5835621025543781,0.48910711826478065,2.0
-1.2639840200607046,-0.6174476496923211,1.46
-0.9486973579991819,0.04414824850294299,1.64
-0.7619648421410732,0.11537721017257112,1.92
-0.6282613188696146,1.2607006763897257,1.43
0.4803805956451469,-0.749815558751682,1.53
0.4270715649642037,-0.518821180763917,1.87
1.4124011289474732,0.028810278185803496,1.27
0.8534770665055944,0.48117595264964513,1.43
0.6525762924603669,0.45893685293931286,1.76
0.5991103951297732,0.5012422077427535,1.92
-0.40989390321876734,0.5317453218971281,1.39
0.7959150672664081,-0.1255069210162928,1.28
-0.7037235010558777,-0.5087540352603608,1.53
-0.42934380144521445,0.5693388134739694,1.44
0.8621371708318409,-0.12468150463218551,1.26
-0.5181492501835084,0.8707881780270699,1.61
-0.4485688858475642,0.5517227030563017,1.27
1.1114298600549815,-0.1973330674529334,1.59
0.774913993093043,-0.13152533211363532,1.28
0.8310092308502418,-0.11982797978323192,1.23
-0.7632546200962883,-0.5164002098984879,1.36
-0.4707257735774932,0.5923691369145926,1.26
0.9013414575364663,-0.11347344336471817,1.19
-0.9886895835197032,-0.5965321712238111,1.37
-0.9711012345875927,-0.9701376595722111,1.65
-0.6037705499022532,0.9350408703188833,1.23
-0.7181845424630289,1.079397712733721,1.59
1.1603080897701505,-0.06414671509010905,1.17
1.3547178833858828,-0.2820700098611642,1.55
-0.8768457579439894,-0.8025194445176792,1.75
-0.5344906878054002,0.9453066900141214,1.57
1.1860773722429783,-0.2143024860956655,1.63
-0.8272705214435148,1.3333388923915348,1.31
-1.0109172395328145,0.32826419447182015,2.08
1.5648940541319545,0.06849725367151528,1.17
0.5378261623084335,-1.1460267484602265,1.33
0.5256364105767398,-0.8515076867042205,1.44
0.6011193090454043,-0.6571171020370445,2.05
1.1241905248515478,0.6572601771703573,1.26
0.8884520114288382,0.6410150743368811,1.35
0.7395053074526571,0.7635768502519914,1.95
-0.7159213533604746,-0.5003178760774544,1.38
-0.8436577608728508,-0.759889413018348,1.65
-0.4514632902089373,0.5539031490504215,1.23
-0.5178501855091765,0.8911372736677616,1.51
0.8486230698447953,-0.1230118872714469,1.24
1.134615338379356,-0.2047228228860552,1.54
-0.7971467631712831,1.2929237231553816,1.36
-0.9500894140225896,0.29643858263496997,2.14
1.5190623337553524,0.030349392375739512,1.33
0.5355269175403502,-1.0576547472365925,1.51
0.5268020985260831,-0.7338176628487029,1.88
0.549469471546088,-0.6245794535875143,2.03
1.058964756582805,0.6186085718339457,1.4
0.8149349179926155,0.598379651072077,1.77
0.71459118802276,0.702438838851764,1.98
1.3504598585366407,0.01621719922983681,1.31
0.4558090058531596,-0.6800724480738194,1.57
0.3895000037406073,-0.4846404751160376,1.77
0.7741710742129059,0.46288756203607556,1.49
0.5971659990149656,0.4371347215979536,1.74
0.5571829283313855,0.47185489664663355,1.94
1.0922294433435034,-0.08206912533737025,1.28
0.841035160528768,-0.1343594855047698,1.3
0.7928116938424331,-0.13377137004834785,1.3
-0.7678630409583815,1.3334160617057607,1.4
-1.2273820492403051,-0.599749643356647,1.54
-0.6163442015880191,1.2228402138915515,1.35
-0.8906235989264375,0.06270020640693319,1.58
-0.7227936086784986,0.1219884221568964,2.04
-0.5622861261725183,0.8983823760663701,1.39
-0.6618410117250145,-0.4883747445415216,1.51
-0.41415715844205175,0.5331301909569106,1.4
-1.2860691371069473,-0.5998824263747112,1.42
-0.6412259351521512,1.2712463218296122,1.29
-0.9661639111039391,0.04258743773903906,1.43
-0.7768108310442421,0.1201794298506089,1.48
-0.7524729501580907,0.18105364545759722,2.12
-0.7300270470811194,-0.4994174081670916,1.44
-0.4450870205337815,0.5726881334040165,1.26
-1.3295683475783322,-0.7969923511832125,1.71
-0.6920116681540239,1.3734863684713943,1.54
-1.2435853693107428,0.034439305580010085,1.86
-1.0422102374444793,0.12711040230529064,4.07
-0.8698918263261931,-0.7594411766976674,1.73
-0.5134418250362907,0.9221851383158259,1.64
1.5376053499149018,0.06008835561069171,1.28
0.5474603924084558,-1.0779866975933936,1.52
0.5459473603321099,-0.737602897434476,1.99
0.5739082522383332,-0.6235549101575436,2.07
1.0813659470311987,0.6372936450350482,1.46
0.837136582371421,0.6120378613344933,1.71
0.722279866928872,0.7241841226216864,1.89
1.3708094520173102,0.028967594969576113,1.29
0.46825155145535635,-0.6786803839996248,1.55
0.40304586037370277,-0.48236204809967054,1.83
0.7911758822426256,0.46981799471626307,1.44
0.6119551187812042,0.445346514318487,1.69
0.5689407548904598,0.4819233884801557,1.93
1.5525449881148423,-0.11499615245776348,1.53
0.6010100369387408,-1.0940114877184768,1.72
0.5929328983912956,-0.859182235678295,4.36
1.1151139689209804,0.6103695487197869,1.68
0.9112512614789778,0.6028789898960758,3.86
0.814229496945409,0.6828834514280986,1.99
1.1174876137440208,-0.07001950336470363,1.33
1.1595641244075148,-0.19497753511596333,1.46
0.8120837607483873,-0.12810242377691702,1.26
1.4227238083292983,0.052379411066933786,1.15
0.8703491160638429,-0.1112194693747519,1.16
0.4805140092342315,-0.7423720833676656,1.41
0.42671793959953586,-0.5084759113633567,1.44
0.40426751838664765,-0.40906896796185943,2.07
0.862050533969928,0.48491167734208973,1.23
0.6541231203173018,0.4671366984365534,1.34
0.5999602078434193,0.5103912047936114,1.92
